id,brand,car_model,desc,problem,datetime,status,type_year,type_engine,type_transmission,type_other
491238,上汽斯柯达,柯迪亚克,斯柯达柯迪亚克排气门密封不严发动机抖动,"A251,",2020-07-03,信息审核,2018,,, TSI330 两驱 豪华优享版 5座
491237,比亚迪,比亚迪F3,比亚迪F3中控大屏发白影响倒车安全,"H134,",2020-07-03,信息审核,2014,1.5L,手动, 尊贵型
491236,广汽丰田,丰田C-HR,广汽丰田C-HR刹车盘生锈存在质量问题,"E42,",2020-07-03,信息审核,2018,2.0L,, 领先版 国VI
491235,吉利汽车,帝豪GL,吉利帝豪GL行驶中变速箱顿挫厂家拒绝索赔,"B19,I297,",2020-07-03,信息审核,2018,1.8L,自动, 精英智联型
491233,领克汽车,领克01,领克01发动机漏油维修后问题加剧,"A12,",2020-07-03,信息审核,2019,2.0T,, 两驱型 Pro版 国VI
491231,一汽-大众奥迪,奥迪A4L,一汽大众奥迪A4L空调异响 发动机舱异响,"A9,H101,",2020-07-03,信息审核,2019,,, 40 TFSI 时尚型 国V
491229,吉利汽车,博越,吉利博越变速箱挡位灯与实车不符,"M279,",2020-07-03,信息审核,2020,1.8TD,, DCT 智领PRO
491227,大众（进口）,蔚揽新能源,进口大众蔚揽新能源空调不制冷要求处理,"H101,",2020-07-03,信息审核,2019,,, GTE
491226,一汽-大众奥迪,奥迪A6L,一汽大众奥迪A6L节温器及水泵漏防冻液,"A37,",2020-07-03,信息审核,2017,,, TFSI 双离合 技术型
491225,北京现代,现代ix25,北京现代ix25车漆生锈起泡厂家不予处理,"H79,H81,H169,I295,",2020-07-03,信息审核,2017,1.6L,自动, 智能型
491223,一汽-大众奥迪,奥迪A3,一汽大众奥迪A3保修起始日期与开票日期不符,"L310,",2020-07-03,信息审核,2017,2.0T,, Sportback 双离合 运动型
491221,上汽通用五菱,宝骏560,宝骏560车内异味严重要求厂家解决,"H185,",2020-07-03,信息审核,2016,1.8L,手动, 豪华型
491220,东风标致,标致408,东风标致408蓄电池与发动机报警 无法启动,"A34,A44,H146,",2020-07-03,厂家受理,2016,1.6T,自动, 豪华版
491218,吉利汽车,帝豪GL,吉利帝豪GL右后刹车灯进水雾影响照明,"H88,",2020-07-03,信息审核,2017,1.8L,自动, 精英型
491217,东风风行,景逸X3,东风风行景逸X3行驶中右后下摆臂断裂,"G210,H168,",2020-07-03,厂家受理,2016,1.5L,, 豪华型
491216,重汽王牌,7系,重汽王牌7系发动机缸体内部渗漏防冻液,"A37,",2020-07-03,信息审核,,,, YCD4D4S-140
491215,一汽-大众,探岳,一汽大众探岳天窗漏水多次维修4S店未解决,"H90,J298,",2020-07-03,信息审核,2019,330TSI,, 两驱 豪华型Plus 国VI
491214,北京现代,名图,北京现代名图转向异响希望厂家进行处理,"D,I,O,",2020-07-03,信息审核,2017,1.8L,自动, 智能型 GLS 国V
491212,上汽大通,上汽MAXUS G20,上汽大通G20天窗漏水严重4S店无法解决,"H90,J298,",2020-07-03,信息审核,2019,2.0T,自动, 首发款 豪华行政版 国V
491211,东风标致,标致408,东风标致408固特异轮胎出现裂纹影响安全,"F100,",2020-07-03,厂家受理,2015,1.2T,自动, 豪华版
491209,吉利汽车,星越,吉利星越车机系统升级后导航无法使用,"H21,O348,",2020-07-03,厂家受理,2019,350T,, 耀星者
491208,吉利汽车,博越,吉利博越大灯远光反光板掉落4S店不予解决,"H82,I295,",2020-07-03,厂家受理,2016,1.8TD,自动, 两驱 智尚型
491206,吉利汽车,星越,吉利星越车机系统升级后卡顿黑屏,"H155,O348,",2020-07-03,厂家受理,2019,350T,, 改款 耀星者
491203,长安马自达,马自达3 昂克赛拉,长安马自达昂克赛拉方向异响 方向盘间隙大,"D59,D337,",2020-07-03,信息审核,2020,2.0L,自动, 质雅版
491200,华晨宝马,宝马X3,华晨宝马X3经销商私自试车保养过度,"J306,O305,",2020-07-03,信息审核,2019,,, xDrive28i 豪华套装
491198,一汽丰田,RAV4荣放,一汽丰田RAV4荣放车顶纵梁凹陷厂家未回复,"H209,I294,",2020-07-03,信息审核,2020,2.5L,, CVT 四驱 精英版 双擎
491193,比亚迪,比亚迪S6,比亚迪S6变速箱严重抖动要求免费维修,"B19,B95,",2020-07-03,厂家受理,2014,2.4L,自动, 尊贵型 7座
491192,上汽集团,名爵6,上汽名爵6变速箱异响倒车异响 踩刹车异响,"B33,",2020-07-03,厂家受理,2019,20T,自动, Trophy 竞技版+运动尾排竞速套装
491191,吉利汽车,博越,吉利博越变速箱空档没有倒档4S店不保修,"B246,I297,",2020-07-03,厂家受理,2016,1.8TD,自动, 四驱 智尊型
491187,吉利汽车,星越,吉利星越车机系统升级后反应迟钝开机缓慢,"J300,O348,",2020-07-03,厂家受理,2019,350T,, 耀星者
491183,奇瑞汽车,艾瑞泽GX,奇瑞艾瑞泽GX发动机抖动启动困难,"A24,A34,A44,A35,A160,",2020-07-03,信息审核,2019,1.5T,自动, 新型色版 国VI
491182,长安汽车,凌轩,长安凌轩新车频繁出现断电要求退车,"H110,",2020-07-03,信息审核,2017,1.5T,手动, 乐活 幸福型
491180,上汽集团,荣威RX8,上汽荣威RX8发动机故障灯亮要求解决,"A34,",2020-07-03,信息审核,2019,30T,, 智联网 两驱 超群 旗舰版
491179,吉利汽车,帝豪,吉利帝豪前大灯内部出现白色粉末状,"H220,",2020-07-03,厂家受理,2017,1.5L,, CVT 向上版 三厢 百万款
491176,长安马自达,马自达3 昂克赛拉,长安马自达昂克赛拉车载导航大屏开裂,"H134,H168,",2020-07-03,信息审核,2016,1.5L,自动, 豪华型 三厢
491174,一汽大众,捷达VS5,捷达VS5螺丝脱漆疑似拧动尾门合页未喷漆,"L313,M284,",2020-07-03,信息审核,2019,280TSI,自动, 进取型
491169,吉利汽车,星越,吉利星越车机死机黑屏系统与宣传不一致,"H155,M279,",2020-07-03,厂家受理,2019,350T,, 耀星者
491168,吉利汽车,星越,吉利星越车机卡顿 与厂家宣传不符,"M279,",2020-07-03,厂家受理,2019,350T,, 暗夜骑士限量版
491166,长安汽车,长安CS55 PLUS,长安CS55 PLUS后备箱尾门倾斜变形,"H209,",2020-07-03,信息审核,2020,1.5T,自动, 炫色型
491165,众泰汽车,云100,众泰云100电池组故障4S店无配件提供,"H343,N318,",2020-07-03,信息审核,2017,,, 云100plus 尊享型
491163,吉利汽车,星越,吉利星越车机系统升级后死机卡顿更加严重,"H155,O348,",2020-07-03,厂家受理,2019,350T,, AWD 驭星者
491162,吉利汽车,星越,吉利星越升级车机系统后依然卡顿,"O348,",2020-07-03,厂家受理,2019,350T,, 耀星者
491161,上汽大众,朗逸,上汽大众朗逸仪表盘外屏存在细微裂纹,"H168,",2020-07-03,信息审核,2019,1.5L,自动, 风尚版 国VI
491157,一汽-大众奥迪,奥迪Q5L,一汽大众奥迪Q5L仪表显示四驱系统故障,"H86,",2020-07-03,信息审核,2018,,, 40 TFSI 荣享时尚型 国VI
491156,众泰汽车,众泰SR9,众泰SR9变速箱故障 厂家无配件维修,"B96,N318,",2020-07-03,厂家受理,2017,2.0T,自动, 极致之路版
491154,奇瑞汽车,捷途X90,捷途X90天窗漏水 后备箱经常关不上,"H68,H90,",2020-07-03,信息审核,2019,1.5T,手动, 智享型 7座 国V
491153,天津一汽,骏派D80,天津一汽骏派D80开启空调后鼓风机异响,"H101,",2020-07-03,信息审核,2019,,自动, TD220 技术型
491149,吉利汽车,星越,吉利星越车机系统出现死机现象希望尽快处理,"H155,M279,",2020-07-03,厂家受理,2019,350T,, 耀星者
491147,吉利汽车,星越,吉利星越车机软件升级后仍然死机,"H155,O348,",2020-07-03,厂家受理,2019,350T,, 改款 耀星者
491144,一汽马自达,马自达CX-4,一汽马自达CX-4车身异响严重厂家未回复,"H15,I294,",2020-07-03,信息审核,2020,2.0L,自动, 两驱 蓝天探索版
491143,长安马自达,马自达3 昂克赛拉,长安马自达昂克赛拉中控屏幕开胶,"H168,",2020-07-03,信息审核,2016,1.5L,自动, 豪华型 三厢
491140,吉利汽车,星越,吉利星越车机死机黑屏 语音播报错乱,"H155,",2020-07-03,厂家受理,2019,350T,, 耀星者
491139,一汽红旗,红旗H5,一汽红旗H5变速箱顿挫无法加速 电瓶亏电,"A9,B19,B334,H146,",2020-07-03,信息审核,2018,,, 30TD 智联享动版
491138,吉利汽车,博越,吉利博越挡位指示灯与雾灯官方宣传不符,"B33,M279,",2020-07-03,厂家受理,2020,1.8TD,, DCT 智尊PRO
491137,一汽-大众,速腾,一汽大众速腾韩泰轮胎开裂影响安全,"F100,",2020-07-03,厂家受理,2018,280TSI,, DSG熠动版
491134,众泰汽车,众泰Z500,众泰Z500质保期内出现的质量问题不予索赔	,"I297,",2020-07-03,厂家受理,2015,1.5T,手动, 尊贵型
491133,东风本田,杰德,东风本田杰德变速箱顿挫 中控台异响,"B19,H93,",2020-07-03,信息审核,2017,1.8L,自动, 舒适版 5座
491132,吉利汽车,星越,吉利星越车机系统升级后导航反应迟钝,"J300,O348,",2020-07-03,厂家受理,2019,350T,, 改款 耀星者
491131,众泰汽车,众泰T600 Coupe,众泰T600 Coupe水箱漏水希望尽快处理,"A37,",2020-07-03,厂家受理,2017,1.5T,自动, 尊享型
491130,长城汽车,哈弗H6 Coupe,哈弗H6 Coupe发动机烧机油4S店要求自费处理,"A63,",2020-07-03,信息审核,2017,2.0T,自动, 两驱 精英型 红标
491129,吉利汽车,帝豪GL,吉利帝豪GL行驶中油泵松动导致燃油泄漏,"H78,",2020-07-03,厂家受理,2019,1.8L,, DCT 精英智享型
491128,吉利汽车,星越,吉利星越换挡顿挫车机硬件与宣传不符,"B19,M279,",2020-07-03,厂家受理,2019,350T,, 耀星者
491127,上汽通用五菱,五菱荣光V,上汽通用五菱荣光V未按定损项目维修,"L314,",2020-07-03,信息审核,2018,,, 1.2L 标准型
491126,吉利汽车,星越,吉利星越车机有死机现象 与宣传不符,"H155,M279,",2020-07-03,厂家受理,2019,350T,, 改款 耀星者
491124,吉利汽车,缤越,吉利缤越车门内饰脱落车机无法升级,"H168,L314,",2020-07-03,厂家受理,2019,260T,, DCT Battle 运动款 国V
491121,东风标致,标致408,东风标致408行驶中空调无法制冷,"H101,",2020-07-03,厂家受理,2014,1.8L,手动, 领先版
491120,上汽斯柯达,柯米克,斯柯达柯米克经销商出售库存车年款疑似不符,"M284,M283,",2020-07-03,信息审核,2020,1.5L,自动, 舒适版
491117,广汽三菱,欧蓝德,广汽三菱欧蓝德发动机冷车启动困难,"A44,",2020-07-03,厂家受理,2019,2.0L,, 两驱 畅享版 5座 国VI
491114,吉利汽车,博越,吉利博越实际无挡位指示灯及前雾灯,"M284,M279,",2020-07-03,厂家受理,2020,1.8TD,, DCT 智领PRO
491113,众泰汽车,众泰T700,众泰T700离合器打滑 变速箱脱挡抖动	,"B95,B246,C16,",2020-07-03,厂家受理,2017,1.8T,, 双离合 尊贵型
491111,一汽丰田,威驰,一汽丰田威驰冷却风扇常转希望尽快解决,"A191,",2020-07-03,信息审核,2019,1.5L,手动, 创行版
491107,东风启辰,启辰T70,启辰T70转向时方向盘沉重 后减震器漏油,"D156,G25,",2020-07-03,信息审核,2016,2.0L,, CVT 睿行版
491101,一汽奔腾,奔腾X40,一汽奔腾X40发动机缺缸没有经销商无法保修,"A251,L314,L310,",2020-07-03,信息审核,2017,1.6L,自动, 豪华型
491097,吉利新能源,星越新能源,吉利星越新能源车机版本与宣传不符,"M279,",2020-07-03,厂家受理,2019,,, 400T 驭星者 纯电动续航80KM
491096,广汽三菱,欧蓝德,广汽三菱欧蓝德凉车启动困难 偶尔熄火,"A24,A14,A44,A35,",2020-07-03,信息审核,2019,2.0L,, 两驱 畅享版 5座 国VI
491094,广汽三菱,欧蓝德,广汽三菱欧蓝德发动机启动困难抖动,"A24,A44,A35,",2020-07-03,厂家受理,2019,2.0L,, 两驱 畅享版 7座 国VI
491093,吉利新能源,缤越新能源,吉利缤越新能源门窗漏风车机不能升级,"H144,L314,",2020-07-03,厂家受理,2019,260T,, DCT Battle
491091,吉利汽车,博越,吉利博越实车没有挡位灯与厂家宣传不符,"M279,",2020-07-03,厂家受理,2020,1.8TD,, DCT 智尊PRO
491089,一汽-大众奥迪,奥迪Q3,一汽大众奥迪Q3天窗漏水 开关异常,"H90,H192,",2020-07-03,信息审核,2019,,, 35 TFSI 时尚动感型
491087,上汽大众,桑塔纳,上汽大众桑塔纳车灯漏水 发动机异响,"A9,H88,",2020-07-03,信息审核,2019,1.5L,手动, 浩纳 风尚版 国VI
491086,广汽本田,锋范经典,广汽本田锋范经典车身侧裙腐蚀生锈,"H79,H81,",2020-07-03,信息审核,2009,,手动, 锋范 1.5 精英版
491084,华晨宝马,宝马X3,华晨宝马X3后备箱锁车状态无故打开,"H68,",2020-07-03,信息审核,2020,,, xDrive28i M运动套装
491083,上汽通用五菱,宝骏630,通用五菱宝骏630车身穿孔4S店出售问题车辆,"I295,I294,M284,",2020-07-03,信息审核,2013,1.5L,手动, 标准型
491082,吉利汽车,星越,吉利星越车机升级无效要求升级硬件,"O348,",2020-07-03,厂家受理,2019,350T,, 耀星者
491073,广汽丰田,雷凌,广汽丰田雷凌原地转向存在明显异响,"D59,",2020-07-03,信息审核,2019,,, 185T CVT 豪华版 国VI
491072,广汽三菱,欧蓝德,广汽三菱欧蓝德左后方安全带无法抽出,"H118,",2020-07-03,厂家受理,2019,2.0L,, 两驱 畅享版 5座 国VI
491069,上汽集团,名爵6,上汽名爵6变速箱异响解决方案不认可,"B33,I295,",2020-07-03,厂家受理,2018,20T,自动, 豪华智联版 国VI
491067,吉利新能源,星越新能源,吉利星越新能源车机系统要求硬件升级	,"M279,",2020-07-03,厂家受理,2019,,, 400T 耀星者 纯电动续航56KM
491065,吉利汽车,星越,吉利星越车机升级后卡顿 空调温度不一致,"H101,H155,O348,",2020-07-03,厂家受理,2019,350T,, 改款 驭星者
491064,广汽中兴,领主,中兴领主行驶中失去动力4S店无法解决,"A255,",2020-07-03,信息审核,2020,2.5T,, 四驱 大双 柴油 国VI
491063,众泰汽车,大迈X7,众泰大迈X7车内异响 减震器硬 方向盘异响,"D59,G171,H164,",2020-07-03,信息审核,2017,1.8T,手动, 至尊型
491061,大众（进口）,甲壳虫,进口大众甲壳虫新车空调雪种泄漏无法制冷,"H101,",2020-07-03,信息审核,2019,,, 180TSI 经典版
491058,猎豹汽车,猎豹CS9,猎豹CS9变速箱异响希望尽快得到处理,"B33,",2020-07-03,信息审核,2017,1.5L,, CVT 舒适型
491055,东风启辰,启辰D60,东风启辰D60发动机故障灯亮希望处理,"A34,",2020-07-03,信息审核,2019,1.6L,, 十万荣耀 XL CVT 辰酷版 国V
491050,吉利汽车,博越,吉利博越实车无挡位提示灯与宣传不符	,"M279,",2020-07-03,厂家受理,2020,1.8TD,, DCT 智尊PRO
491047,上汽大众,朗逸,上汽大众朗逸变速箱故障灯亮机电单元损坏,"B96,B84,",2020-07-03,信息审核,2015,230TSI,, DSG豪华版
491046,一汽-大众,速腾,一汽大众速腾四条韩泰轮胎非自然开裂,"F100,",2020-07-03,厂家受理,2018,280TSI,, DSG熠动版
491043,奇瑞捷豹路虎,发现神行,奇瑞捷豹路虎发现神行冷启动发动机抖动异响,"A9,A24,",2020-07-03,厂家受理,2019,,, 240PS SE版 国VI
491041,吉利汽车,博越,吉利博越变速箱倒挡异响 升挡顿挫,"B33,B19,M279,",2020-07-03,厂家受理,2020,1.8TD,, DCT 智尊PRO
491039,东风标致,标致3008,东风标致3008开启空调后提示维修发动机,"A34,",2020-07-03,厂家受理,2015,1.6THP,, 罗兰·加洛斯版
491038,上汽大众,凌渡,上汽大众凌渡变速箱异响4S店告知正常,"B33,",2020-07-03,信息审核,2019,280TSI,, DSG 舒适版 国VI
491037,吉利汽车,博越,吉利博越挂倒挡倒车时变速箱异响,"B33,",2020-07-03,厂家受理,2020,1.8TD,, DCT 智尊PRO
491036,东风标致,标致5008,东风标致5008轮毂腐蚀希望尽快处理,"H243,",2020-07-03,厂家受理,2017,,, 380THP 精英版 7座
491035,吉利汽车,博越,吉利博越实车变速箱无挡位指示灯,"M279,",2020-07-03,厂家受理,2020,1.8TD,, DCT 智慧PRO
491033,吉利汽车,星越,吉利星越车机死机虚假宣传货不对版,"H155,M279,",2020-07-03,厂家受理,2019,350T,, 暗夜骑士限量版
491031,吉利汽车,博越,吉利博越实车无挡位提示灯及前雾灯,"M279,",2020-07-03,厂家受理,2020,1.8TD,, DCT 智领PRO
491027,猎豹汽车,猎豹CS10,猎豹CS10变速箱损坏挂挡无动力输出,"B334,",2020-07-03,信息审核,2016,2.0T,自动, 都市型
491026,广汽丰田,凯美瑞,广汽丰田凯美瑞半轴防尘套处漏油,"G51,",2020-07-03,信息审核,2015,,自动, 2.0G 领先版
491024,汉腾汽车,汉腾X7,汉腾X7变速箱故障灯亮厂家无配件,"B96,N318,",2020-07-03,信息审核,2018,2.0T,, X7S DCT 尊享型
491022,东风日产,天籁,东风日产天籁车身漆面开裂希望得到解决,"H81,",2020-07-03,厂家受理,2019,2.0L,, XL Upper 智行版
491021,东风雪铁龙,雪铁龙C4L,东方雪铁龙C4L转向柱松动4S店不予保修,"D337,I297,I281,",2020-07-03,厂家受理,2013,1.6THP,自动, 劲智版
491019,吉利汽车,星越,吉利星越车机升级后方向盘按键失灵,"O348,",2020-07-03,厂家受理,2019,300T,, 改款 耀星者
491016,吉利汽车,星越,吉利星越车机升级后卡顿 库存时间长,"G204,M283,O348,",2020-07-03,厂家受理,2019,350T,, 耀星者
491012,吉利汽车,博越,吉利博越车辆没有挡位灯和雾灯与宣传不符,"M279,Q350,",2020-07-03,厂家受理,2020,1.8TD,, DCT 智慧PRO
491007,上汽集团,锐腾,上汽名爵锐腾离合器沉重发动机异响,"A9,C181,",2020-07-03,厂家受理,2017,20T,手动, 豪华版
491003,吉利汽车,星越,吉利星越车机系统升级后出现卡顿现象,"O348,",2020-07-03,厂家受理,2019,350T,, 耀星者
491002,吉利汽车,星越,吉利星越车机死机操作版本与宣传不符,"H155,M279,",2020-07-03,厂家受理,2019,300T,, 耀星者
491000,一汽-大众,高尔夫,一汽大众高尔夫变速箱故障提示强制运行,"B96,",2020-07-03,厂家受理,2017,1.6L,自动, 舒适百万辆纪念版
490997,吉利汽车,博越,吉利博越挡位灯和前雾灯没有与宣传不符,"M279,",2020-07-03,厂家受理,2020,1.8TD,, DCT 智慧PRO
490992,长安汽车,奔奔EV,长安奔奔EV车辆连接充电桩慢充无法充电,"H340,",2020-07-03,信息审核,2017,,, 210公里 标准型
490991,东风本田,本田XR-V,东风本田XR-V左前车窗升降晃动4S店未解决,"H67,J298,",2020-07-03,信息审核,2020,1.5L,, CVT 舒适版
490990,北京现代,途胜,现代途胜召回后发动机抖动4S店无法解决,"A24,A163,B33,I295,J298,O348,",2020-07-03,信息审核,2018,1.6T,, 双离合 两驱 15周年特别版
490989,北京现代,现代ix35,北京现代iX35变速箱顿挫车身生锈4S店不解决,"B19,H79,H109,H201,I295,I294,I282,",2020-07-03,信息审核,2019,2.0L,自动, 两驱 智勇·畅享版 国V
490988,吉利汽车,帝豪GL,吉利帝豪GL发动机熄火刹车异响4S店未解决,"A14,A160,A11,B20,E43,J298,",2020-07-03,厂家受理,2017,,自动, 1.3T 精英型
490987,吉利汽车,星越,吉利星越车机黑屏死机 与厂家宣传不符,"H155,M279,",2020-07-03,厂家受理,2019,350T,, 改款 耀星者
490980,吉利汽车,帝豪,吉利帝豪买车后一年内车身严重生锈,"H79,",2020-07-03,厂家受理,2015,1.5L,手动, 向上版 三厢
490977,广汽三菱,劲炫ASX,广汽三菱劲炫ASX导航死机 玻璃升降器异响,"H134,H21,H67,",2020-07-03,厂家受理,2018,1.6L,手动, 两驱 时尚版
490972,一汽红旗,红旗HS5,一汽红旗HS5中控台异响 车内异响严重,"H164,H93,",2020-07-02,信息审核,2019,2.0T,, 智联旗享四驱版
490969,广汽本田,冠道,广汽本田冠道行驶中熄火 故障灯全亮,"A14,",2020-07-02,信息审核,2017,,自动, 370TURBO 两驱 豪华版
490968,广汽三菱,欧蓝德,广汽三菱欧蓝德发动机偶发性启动困难,"A44,",2020-07-02,厂家受理,2019,2.0L,, 两驱 畅享版 5座 国VI
490967,一汽-大众,宝来,一汽大众宝来发动机爆震要求尽快解决,"A18,",2020-07-02,厂家受理,2019,1.5L,自动, 时尚型
490966,上汽大众,途岳,上汽大众途岳座椅靠背调角器故障存在隐患,"H169,",2020-07-02,信息审核,2020,330TSI,, 四驱 豪华版 国VI
490965,吉利汽车,博越,吉利博越挡位指示灯及雾灯与宣传不符,"M279,",2020-07-02,厂家受理,2020,1.8TD,, DCT 智尊PRO
490963,吉利汽车,博越,吉利博越前雾灯减配 涉嫌虚假宣传,"M279,",2020-07-02,厂家受理,2020,1.8TD,, DCT 智领PRO
490962,吉利汽车,博越,吉利博越没有挡位灯和前雾灯与宣传不符,"M279,",2020-07-02,厂家受理,2020,1.8TD,, DCT 智慧PRO
490961,吉利汽车,星越,吉利星越转向异响 起步顿挫 油门反应迟钝,"A85,A174,B19,D59,",2020-07-02,厂家受理,2019,300T,, 耀星者
490960,东风日产,天籁,东风日产天籁车载互联APP无法使用,"H155,",2020-07-02,厂家受理,2020,2.0L,, XL Upper 智行版
490959,一汽-大众奥迪,奥迪A4L,一汽大众奥迪A4L车内异味影响驾驶,"H185,",2020-07-02,信息审核,2015,2.0T,自动, CVT 舒适型
490958,长安汽车,长安CS75 PLUS,长安CS75 PLUS发动机故障灯亮 刹车异响,"A34,E43,",2020-07-02,厂家受理,2020,2.0T,自动, 领航型
490955,东风雪铁龙,雪铁龙C3-XR,东风雪铁龙C3-XR发动机故障灯亮希望解决,"A34,",2020-07-02,厂家受理,2019,,自动, 190THP 越领版
490953,华晨宝马,宝马3系,华晨宝马3系水管破裂导致发动机温度高,"A37,A191,",2020-07-02,信息审核,2020,,, 325i M运动套装
490951,东风雪铁龙,雪铁龙C5,东风雪铁龙C5车内异味严重希望尽快解决,"H185,",2020-07-02,厂家受理,2014,1.6THP,自动, 尊享型
490949,上汽斯柯达,速派,斯柯达速派座椅皮质开裂材料与宣传不符,"H168,M279,",2020-07-02,信息审核,2013,1.4T,, DSG 绅仕版
490943,吉利汽车,星越,吉利星越车机死机黑屏操作版本与宣传不符,"H155,M279,",2020-07-02,厂家受理,2019,350T,, 驭星者
490941,长安马自达,马自达3 昂克赛拉,长安马自达昂克赛拉主驾驶安全带无法收回,"H118,",2020-07-02,信息审核,2014,1.5L,手动, 舒适型  三厢
490937,吉利汽车,星越,吉利星越使用中车机死机与宣传不符,"H155,M279,",2020-07-02,厂家受理,2019,350T,, 改款 耀星者
490933,一汽-大众,捷达,一汽大众捷达4S店未告知保养有效期,"O296,",2020-07-02,厂家受理,2015,1.4L,手动, 时尚型
490931,上汽大众,凌渡,上汽大众凌渡升降挡时变速器异响,"B33,B19,",2020-07-02,信息审核,2018,230TSI,, 双离合 风尚版
490929,奇瑞新能源,瑞虎e,奇瑞瑞虎e T-BOX经常掉线影响使用,"H155,",2020-07-02,厂家受理,2019,,, 驭享版
490928,长安马自达,马自达3 昂克赛拉,长安马自达昂克赛拉制动液泄漏存在隐患,"E99,",2020-07-02,信息审核,2020,1.5L,自动, 质悦天窗版
490927,吉利汽车,星越,吉利星越车机卡顿死机且软硬件与宣传不符,"H155,M279,",2020-07-02,厂家受理,2019,350T,, 耀星者
490924,东南汽车,东南DX3,东南DX3行驶中自燃 发动机支架断裂,"H40,",2020-07-02,信息审核,2017,1.5T,手动, 尊贵型
490923,吉利汽车,星越,吉利星越车机长时间连接不上网络,"H155,",2020-07-02,厂家受理,2019,350T,, 改款 耀星者
490922,猎豹汽车,猎豹CS10,猎豹CS10车身A柱位置漏水导致渗入驾驶室内,"H109,",2020-07-02,信息审核,2017,2.0T,自动, 豪华型
490921,长城汽车,哈弗H2,哈弗H2无法挂挡 发动机噪音大售后无法解决,"A38,B20,",2020-07-02,信息审核,2015,1.5T,自动, 两驱尊贵版
490920,东风小康,东风小康K01,东风小康K01行驶中频繁熄火一直无法解决,"A14,",2020-07-02,厂家受理,2019,,, 1.2L K01 国VI DK12
490919,吉利汽车,星越,吉利星越车机系统升级后语音无法识别,"J300,M279,",2020-07-02,厂家受理,2019,300T,, 改款 耀星者
490917,吉利汽车,星越,吉利星越车机升级后语音唤醒功能迟钝,"J300,M279,",2020-07-02,厂家受理,2019,350T,, 驭星者
490916,奇瑞汽车,艾瑞泽5,奇瑞艾瑞泽5车门生锈厂家不予理赔,"H79,I297,",2020-07-02,厂家受理,2016,1.5L,, CVT 领潮版
490915,众泰汽车,大迈X7,众泰大迈X7电池亏电停放一星期无法启动,"H146,",2020-07-02,信息审核,2017,1.8T,手动, 豪华型
490909,吉利汽车,帝豪GS,吉利帝豪GS执行电机设计不合理导致进水,"Q322,",2020-07-02,厂家受理,2018,1.8L,自动, 优雅版 领尚型
490906,吉利汽车,缤越,吉利缤越车机系统版本低车窗漏风,"H155,H144,",2020-07-02,厂家受理,2020,260T,, PRO DCT 骑士
490905,广汽丰田,凯美瑞,广汽丰田凯美瑞中控仪表台老化开裂,"H176,",2020-07-02,信息审核,2009,,自动, 240G 豪华版
490900,吉利汽车,星越,吉利星越4S店承诺车机问题补偿不兑现,"L314,",2020-07-02,厂家受理,2019,350T,, 驭星者
490898,上汽集团,名爵ZS,上汽名爵ZS紧急熄火发动机高温,"A14,A191,",2020-07-02,厂家受理,2019,1.5L,手动, 65寸巨幕天窗全球版 国VI
490891,东风本田,哥瑞,东风本田哥瑞冷车启动发动机异响,"A9,",2020-07-02,信息审核,2016,1.5L,, CVT 经典版
490890,吉利汽车,帝豪,吉利帝豪天窗异响 车门生锈鼓包,"H79,",2020-07-02,厂家受理,2016,1.5L,手动, 向上版 两厢RS
490884,一汽-大众,探岳,一汽大众探岳变速箱异响希望尽快处理,"B33,",2020-07-02,厂家受理,2019,330TSI,, 两驱 豪华型Plus 国VI
490881,长安汽车,长安CS75 PLUS,长安CS75 PLUS发动机异响换挡慢车身抖动,"A9,B20,H268,",2020-07-02,厂家受理,2020,1.5T,自动, 豪华型
490880,吉利汽车,星越,吉利星越车机升级后依然卡顿希望处理,"H155,O348,",2020-07-02,厂家受理,2019,350T,, 暗夜骑士限量版
490879,吉利汽车,帝豪GL,吉利帝豪GL车漆有严重色差影响美观,"H201,",2020-07-02,厂家受理,2018,1.4T,自动, 精英智联型
490878,东风日产,蓝鸟,东风日产蓝鸟大灯罩起皮希望尽快处理,"H220,",2020-07-02,厂家受理,2016,1.6L,, CVT 炫酷版
490877,吉利汽车,星越,吉利星越车机系统升级后卡顿问题未解决	,"H155,O348,",2020-07-02,厂家受理,2019,350T,, 耀星者
490875,吉利汽车,星越,吉利星越车机升级后死机要求更换硬件,"H155,O348,",2020-07-02,厂家受理,2019,300T,, 耀星者
490872,吉利汽车,星越,吉利星越车机系统经常死机严重卡顿,"H155,M279,",2020-07-02,厂家受理,2019,300T,, 改款 耀星者
490869,东风英菲尼迪,英菲尼迪Q50L,东风英菲尼迪Q50L旧车置换新车三个月没过户,"I282,",2020-07-02,信息审核,2018,2.0T,, 逸享版 国V
490867,北京现代,悦动,北京现代悦动多次往返店内维修要求厂家赔偿,"I293,J298,L314,",2020-07-02,信息审核,2018,1.6L,自动, 悦目版 GL 国VI
490863,广汽本田,雅阁,广汽本田雅阁发动机故障灯亮 行驶失速,"A34,A255,",2020-07-02,信息审核,2018,,, 260TURBO 精英版 国VI
490860,上汽通用五菱,宝骏730,宝骏730颠簸时前轮异响希望处理.,"G56,",2020-07-02,信息审核,2017,1.5T,手动, 尊享型 7座
490857,吉利汽车,星越,吉利星越软件升级后严重卡顿承诺补偿未兑现,"H155,L314,O348,",2020-07-02,厂家受理,2019,350T,, 耀星者
490855,吉利汽车,博瑞,吉利博瑞车漆存在色差疑似出售问题车,"H201,M284,",2020-07-02,厂家受理,2020,1.8T,, 改款 领航版
490854,一汽-大众,捷达,一汽大众捷达车门轮眉及挡风玻璃位置生锈,"H79,",2020-07-02,厂家受理,2010,,手动, 1.6 伙伴型
490853,一汽-大众,速腾,一汽大众速腾韩泰轮胎出现裂纹影响行车安全,"F100,",2020-07-02,厂家受理,2018,280TSI,, DSG熠动版
490852,吉利汽车,缤越,吉利缤越钥匙手环无法使用与宣传不符,"H155,M279,",2020-07-02,厂家受理,2019,260T,, DCT 游侠 国V
490851,一汽-大众,迈腾,一汽大众迈腾机电单元损坏影响驾驶,"B96,B84,",2020-07-02,厂家受理,2017,330TSI,, DSG 豪华型
490850,长城汽车,哈弗H2,哈弗H2方向机有异响更换后没有解决,"D59,",2020-07-02,厂家受理,2016,1.5T,手动, 四驱 舒适型
490847,北京现代,现代ix25,北京现代ix25玛吉斯轮胎爆胎存在安全隐患,"F130,",2020-07-02,厂家受理,2017,1.4T,自动, 智能型
490846,吉利汽车,缤越,吉利缤越门窗漏风座椅异响车机系统无法升级,"B19,H169,H144,L314,",2020-07-02,厂家受理,2019,260T,, DCT 游侠 运动款 国V
490844,众泰汽车,众泰T600 Coupe,众泰T600 Coupe变速箱故障厂家无配件,"B96,N318,",2020-07-02,厂家受理,2017,1.5T,自动, 尊享型
490842,东风标致,标致4008,东风标致4008服务站未将保养记录上传,"J299,",2020-07-02,信息审核,2017,350THP,, 精英版
490840,上汽大众,凌渡,上汽大众凌渡减速时变速箱异响严重,"B33,",2020-07-02,信息审核,2017,230TSI,, DSG 风尚版
490838,吉利汽车,星越,吉利星越车机软件升级后卡滞现象严重,"O348,",2020-07-02,厂家受理,2019,300T,, 耀星者
490837,长安马自达,马自达CX-5,长安马自达CX-5行驶中发动机故障灯亮,"A34,",2020-07-02,信息审核,2019,2.0L,自动, 四驱 智享型 云控版 国V
490836,吉利汽车,星越,吉利星越车机死机操作版本与宣传不符,"H155,M279,",2020-07-02,厂家受理,2019,350T,, 耀星者
490835,吉利汽车,博越,吉利博越实车挡位指示灯与厂家宣传不符,"M279,",2020-07-02,厂家受理,2020,1.8TD,, DCT 智慧PRO
490829,东风日产,蓝鸟,东风日产蓝鸟变速箱不升挡 无法加速	,"B20,B334,",2020-07-02,厂家受理,2016,1.6L,, CVT 智炫版
490828,吉利汽车,星越,吉利星越车机系统出现黑屏版本与宣传不符,"H155,M279,",2020-07-02,厂家受理,2019,350T,, AWD 驭星者
490827,长城汽车,炮,长城炮变速箱漏油异响传动轴抖动有异响,"B33,B22,B96,",2020-07-02,厂家受理,2019,2.0T,自动, 两驱 舒适版 汽油 GW4C20B
490826,北京现代,途胜,北京现代途胜启动时发动机抖动 排气管异响,"A24,H31,",2020-07-02,信息审核,2015,1.6T,,   双离合 两驱 智能型
490824,吉利汽车,星越,吉利星越车机卡顿黑屏版本与宣传不符,"H155,M279,",2020-07-02,厂家受理,2019,350T,, 耀星者
490822,吉利汽车,星越,吉利星越车机系统出现死机与宣传不符,"H155,M279,",2020-07-02,厂家受理,2019,350T,, 改款 耀星者
490818,上汽集团,名爵6,上汽名爵6离合器异响存在有质量问题,"C65,",2020-07-02,厂家受理,2019,20T,手动, 运动版
490817,吉利汽车,星越,吉利星越高配芯片不如低配升级后未解决,"H155,O348,",2020-07-02,厂家受理,2019,300T,, 改款 耀星者
490815,东风日产,天籁,东风日产天籁变速箱漏油 发动机烧机油,"A63,B22,D58,",2020-07-02,厂家受理,2013,2.0L,, XL 舒适版
490814,北京现代,菲斯塔纯电动,北京现代菲斯塔纯电动无法充电售后无配件,"H340,N318,",2020-07-02,信息审核,2020,,, GLX 智捷版
490812,广汽三菱,欧蓝德,广汽三菱欧蓝德冷车启动困难希望尽快处理,"A9,A44,",2020-07-02,厂家受理,2019,2.4L,, 四驱 致享版 5座 国VI
490810,北京奔驰,奔驰GLC,北京奔驰GLC定速巡航故障4S店不予处理,"H253,I295,I293,",2020-07-02,信息审核,2020,,, GLC 300 L 4MATIC 动感型
490806,广汽三菱,欧蓝德,广汽三菱欧蓝德发动机冷启动困难希望解决,"A44,",2020-07-02,厂家受理,2020,2.4L,, 四驱 致享版 5座
490803,吉利汽车,星越,吉利星越车机系统升级后倒车影像模糊,"H134,O348,",2020-07-02,处理反馈,2019,350T,, 驭星者
490800,吉利汽车,博越,吉利博越挡位灯配置与官方宣传不符,"M279,",2020-07-02,处理反馈,2020,1.8TD,, DCT 智联PRO
490798,奇瑞新能源,瑞虎3xe,奇瑞瑞虎3xe座椅不能升降 空调不能调节温度,"H79,H101,H72,H344,M279,",2020-07-02,厂家受理,2018,,, 400 畅行版
490796,长城汽车,哈弗H6 Coupe,哈弗H6 Coupe互联功能无法连接导航升级慢,"H21,H155,",2020-07-02,厂家受理,2018,1.5T,自动, 两驱 超豪型 蓝标
490795,上汽斯柯达,速派,斯柯达速派行驶中发动机变速箱故障灯亮,"A34,B96,",2020-07-02,信息审核,2016,,, TSI330 DSG 智行版
490791,奇瑞汽车,捷途X90,奇瑞捷途X90钥匙手环损坏厂家不索赔,"H119,I297,",2020-07-02,处理反馈,2019,1.5T,自动, 尊享型 6座 国V
490790,东风日产,天籁,东风日产天籁油箱异响希望尽快解决,"H147,",2020-07-02,厂家受理,2020,2.0L,, XL 舒适版
490784,一汽丰田,威驰FS,一汽丰田威驰FS 4S店无限延期提车时间,"L312,",2020-07-02,信息审核,2019,1.5L,, CVT 锋驰版
490783,上汽大众,途观L,上汽大众途观L变速箱低速行驶异响明显,"B33,",2020-07-02,信息审核,2018,330TSI,自动, 两驱 旗舰版
490781,东风乘用车,风神AX5,东风风神AX5配件质量差故障问题多,"N317,",2020-07-02,厂家受理,2017,1.4T,自动, 趣尚型
490780,一汽奔腾,奔腾T77,一汽奔腾T77发动机动力不足刹车异响,"A24,A163,E43,G204,H93,H155,H119,H211,",2020-07-02,处理反馈,2019,,自动, 230 TID 豪华型 国V
490779,东风标致,标致308,东风标致308正常行驶中变速箱故障灯亮起,"B96,",2020-07-02,厂家受理,2014,1.6L,自动, 乐享版 经典 优尚型
490778,吉利汽车,星越,吉利星越音响功放失灵维修多次无法解决,"H134,J298,",2020-07-02,处理反馈,2019,350T,, 耀星者
490775,吉利汽车,星越,吉利星越车机系统升级后反应依然缓慢,"H155,O348,",2020-07-02,处理反馈,2019,350T,, 改款 驭星者
490774,上汽通用五菱,宝骏560,宝骏560变速箱没有倒挡 前进挡时有时无,"B20,",2020-07-02,信息审核,2017,1.5T,, DCT 精英型
490773,北汽新能源,EV系列,北汽新能源EV电池续航里程缩短厂家不解决,"H343,",2020-07-02,厂家受理,2016,,, EV160 轻秀版
490769,吉利汽车,星越,吉利星越车机死机系统升级后没有解决,"H155,O348,",2020-07-02,处理反馈,2020,350T,, 魅影骑士版AWD
490766,奇瑞汽车,捷途X70S,捷途X70S排气管全部锈蚀质量差,"H30,",2020-07-02,处理反馈,2019,1.5T,自动, X70S 探途版 国V
490764,长安汽车,长安CS35,长安CS35车身油箱生锈要求厂家给予解决,"H79,H81,",2020-07-02,厂家受理,2016,1.6L,手动, 豪华型 国IV
490761,吉利汽车,缤越,吉利缤越4S店安装挡泥板操作流程不规范,"J299,O305,",2020-07-02,厂家受理,2019,260T,, DCT 游侠 运动款 国V
490758,北京汽车,威旺M60,北汽威旺M60新车转向机出现故障,"D265,",2020-07-02,信息审核,2017,1.5L,手动, 白银版
490754,长城汽车,哈弗M6,哈弗M6变速箱漏油异响要求厂家给予解决,"A12,B33,B22,B334,",2020-07-02,厂家受理,2019,1.5T,, DCT 两驱 精英型 国VI
490751,上汽大众,途铠,上汽大众途铠电瓶故障 强制加装行车记录仪,"H146,K325,",2020-07-02,信息审核,2020,280TSI,, DSG 豪华版
490750,吉利汽车,博越,吉利博越变速箱挡位灯与厂家宣传不符,"M279,",2020-07-02,处理反馈,2020,1.8TD,, DCT 智慧PRO
490749,一汽-大众,高尔夫,一汽大众高尔夫韩泰轮胎胎面出现裂痕,"F100,",2020-07-02,处理反馈,2018,230TSI,自动, 豪华型
490748,上汽集团,名爵ZS,名爵ZS车身底盘生锈要求厂家给予处理,"G180,H79,",2020-07-02,信息审核,2018,1.5L,手动, 豪华版 国V
490747,吉利汽车,缤越,吉利缤越门窗漏风 车机升级承诺不兑现,"E196,H144,L314,",2020-07-02,处理反馈,2019,260T,, 运动款 DCT Battle 国VI 运动款
490740,上汽大众,途观,上汽大众途观右前轮速传感器故障多次出现,"E62,I297,N317,",2020-07-02,处理反馈,2015,1.8TSI,自动, 两驱 舒适版 5座
490739,奇瑞汽车,瑞虎7,奇瑞瑞虎7车窗升降器故障要求免费维修,"H67,",2020-07-02,厂家受理,2016,1.5T,手动, 耀尊版
490736,吉利汽车,星越,吉利星越车机软件升级后卡顿严重,"H155,O348,",2020-07-02,处理反馈,2020,350T,, 驭星者
490733,广汽本田,飞度,广汽本田飞度冷车启动VTC执行器异响,"A9,",2020-07-02,信息审核,2016,1.5L,手动, LX 舒适型
490729,一汽-大众,速腾,一汽大众速腾变速箱抖动希望厂家解决,"B95,",2020-07-02,处理反馈,2018,280TSI,, DSG熠动版
490728,福建奔驰,奔驰V级,福建奔驰V级经销无故不退续保押金,"L313,",2020-07-02,信息审核,2018,,, V 260 L 尊贵加长版 国VI
490726,奇瑞捷豹路虎,发现神行,奇瑞捷豹路虎发现神行启动后存在金属摩擦声,"A9,",2020-07-02,处理反馈,2019,,, 240PS SE版 国VI
490724,长安马自达,马自达3 昂克赛拉,长安马自达昂克赛拉行驶异响 4S店拖延处理,"B33,I282,",2020-07-02,用户评分,2017,1.5L,自动, 舒适型 三厢 国V
490722,东风日产,骐达TIIDA,东风日产骐达邓禄普轮胎出现裂缝,"F100,",2020-07-02,厂家受理,2016,1.6L,, CVT 智行版
490719,一汽吉林,森雅R7,一汽吉林森雅R7安全气囊及双闪灯亮,"A44,H103,",2020-07-02,信息审核,2017,1.6L,手动, 尊贵型
490718,东风标致,标致408,东风标致408固特异轮胎出现开裂,"F100,",2020-07-02,厂家受理,2019,,自动, 360THP 豪华版 国VI
490713,一汽丰田,亚洲龙,一汽丰田亚洲龙车载屏幕开裂质量差,"H168,",2020-07-02,信息审核,2019,2.0L,, XLE 尊享版 国VI
490712,广汽本田,缤智,广汽本田缤智自动大灯无法正常关闭,"H71,",2020-07-02,信息审核,2020,1.5L,, CVT 先锋版
490711,路虎进口,发现,进口路虎发现刹车抖动厂家拒绝索赔,"E111,I297,",2020-07-02,处理反馈,2019,,, 3.0 V6 HSE
490709,吉利汽车,星越,吉利星越车机升级后死机要求更换硬件,"H155,O348,",2020-07-02,处理反馈,2019,300T,, 耀星者
490708,北京奔驰,奔驰C级,北京奔驰C级发动机故障灯亮希望厂家处理,"A34,",2020-07-02,信息审核,2016,,, 200 L 运动型
490707,北京现代,现代ix25,北京现代ix25后备箱装饰条老化天窗异响,"A163,D59,H168,H89,",2020-07-02,信息审核,2017,1.6L,自动, 智能型
490703,奇瑞捷豹路虎,发现神行,路虎发现神行发动机冷车异响要求厂家解决,"A9,A191,H21,",2020-07-02,处理反馈,2019,,, 240PS SE版 国VI
490699,猎豹汽车,猎豹CS10,猎豹CS10制动效果极差导致发生事故,"E269,",2020-07-02,信息审核,2015,2.0T,手动, 卓越版
490698,一汽-大众,速腾,一汽大众速腾发动机高压泵异响厂家未解决,"A9,I295,I294,",2020-07-02,处理反馈,2018,280TSI,, DSG熠动版
490697,吉利汽车,星越,吉利星越驻车系统故障车机死机与宣传不符,"H155,H170,M279,",2020-07-02,处理反馈,2019,300T,, 耀星者
490695,江淮汽车,瑞风M3,江淮瑞风M3起步时发动机舱内有异响,"A9,B33,",2020-07-02,处理反馈,2019,1.8L,, 宜家版 豪华 智能型
490691,奇瑞捷豹路虎,发现神行,奇瑞捷豹路虎发现神行发动机舱内有杂音,"A9,",2020-07-02,用户评分,2019,,, 240PS SE版 国VI
490689,广汽丰田,雷凌,广汽丰田雷凌变速箱低速顿挫厂家未回复,"B19,I295,I294,",2020-07-02,处理反馈,2019,,, 185T CVT 豪华版 国VI
490688,一汽-大众奥迪,奥迪A4L,一汽大众奥迪A4L冷却水壶有裂纹 水泵处漏水,"A37,",2020-07-02,信息审核,2015,2.0T,, CVT 标准型
490687,一汽-大众,宝来,一汽大众宝来前风挡玻璃自然开裂,"H113,",2020-07-02,处理反馈,2019,1.5L,手动, 宝来·传奇 时尚型 国V
490686,吉利汽车,博越,吉利博越仪表盘花屏售后不予免费质保,"H134,",2020-07-02,处理反馈,2016,1.8TD,自动, 两驱 智尚型
490684,东风本田,享域,东风本田享域空调制冷效果差售后未解决问题,"H101,",2020-07-02,厂家受理,2019,,, 180TURBO CVT 畅享版 国VI
490681,上汽大众,途观,上汽大众途观天窗漏水多次处理未解决,"H90,J298,",2020-07-02,信息审核,2010,1.8TSI,自动, 四驱 菁英版
490680,东风标致,标致408,东风标致408油表不准轮毂氧化严重,"H243,H78,",2020-07-02,处理反馈,2018,350THP,自动, 豪华版 改款
490679,猎豹汽车,Mattu,猎豹Mattu天窗异响汽油显示不准厂家不解决,"E74,H89,H78,I294,N318,",2020-07-02,信息审核,2018,1.6T,, GDI DCT 旗舰型
490676,东风乘用车,风神AX7,东风风神AX7经销商赠送保养承诺不兑现,"L313,",2020-07-02,厂家受理,2019,1.6T,自动, AI领航型 国V
490667,上汽斯柯达,明锐,斯柯达明锐发动机机油异常消耗要求处理,"A12,A63,",2020-07-02,信息审核,2017,1.6L,自动, 智行版
490666,北汽新能源,北汽新能源EC,北汽新能源EC全车断电 售后无配件维修,"A346,N318,",2020-07-02,厂家受理,2017,,, EC200 灵动版
490664,上汽斯柯达,明锐,上汽斯柯达明锐变速箱故障灯亮4S店不处理,"B96,I297,J300,Q322,Q290,",2020-07-02,信息审核,2015,1.6L,自动, 逸俊版
490663,吉利汽车,星越,吉利星越车机卡顿 厂家解决方案不合理,"H155,I295,",2020-07-02,处理反馈,2019,350T,, 改款 驭星者AWD
490660,吉利汽车,星越,吉利星越车机死机要求厂家更换硬件,"H155,M279,",2020-07-02,处理反馈,2019,350T,, 耀星者
490657,汉腾汽车,汉腾X5,汉腾X5发动机异响严重4S店不予保修	,"A9,I297,",2020-07-02,厂家受理,2018,1.5T,, CVT 精英版
490652,广汽本田,凌派,广汽本田凌派发动机自动熄火4S店距离远,"A38,A14,H134,H72,H88,I295,J298,O326,",2020-07-02,信息审核,2019,,, 180Turbo CVT 豪华版 国V
490650,东风日产,蓝鸟,东风日产蓝鸟空调不凉制冷剂泄漏,"H101,J298,J303,",2020-07-02,处理反馈,2016,1.6L,, CVT 智酷版
490647,江铃汽车,凯运,江铃凯运车身生锈漆面开裂4S店不解决,"H79,H81,I295,",2020-07-02,用户评分,2011,,, 2.8 栏板共轨 单排（后双胎）
490646,一汽-大众,迈腾,一汽大众迈腾大灯下雨后进水要求解决,"H88,",2020-07-02,处理反馈,2020,330TSI,, DSG 领先型
490644,奔驰（进口）,奔驰G级,奔驰G级行驶中提示无法换至倒挡,"B20,",2020-07-02,信息审核,,,, G550
490642,一汽-大众奥迪,奥迪Q5L,一汽大众奥迪Q5L行驶过程中整车突然断电,"H110,",2020-07-02,信息审核,2018,,, 40 TFSI 荣享时尚型 国V
490634,众泰汽车,众泰T600,众泰T600方向盘损坏车窗升降故障4S店无货,"D59,H67,N318,",2020-07-02,处理反馈,2019,1.5T,手动, 精英型
490631,上汽集团,名爵HS,上汽名爵HS购车承诺置换补贴厂家未兑现,"L313,",2020-07-02,处理反馈,2019,30T,自动, 两驱 Trophy超燃版 国VI
490628,一汽-大众,宝来,一汽大众宝来座椅骨架生锈厂家未解决,"H79,I295,I292,",2020-07-02,处理反馈,2018,1.5L,手动, 时尚型
490627,吉利汽车,星越,吉利星越升级车机后依然卡滞要求更换硬件,"O348,",2020-07-02,处理反馈,2019,350T,, 耀星者
490626,大众（进口）,途锐,进口大众途锐变速箱故障4S店不予解决,"B96,I295,J298,",2020-07-02,信息审核,2019,,, 2.0TSI 锐翼版 国VI
490625,力帆汽车,轩朗,力帆轩朗发动机有焊接痕迹4S店维修没有配件,"A235,N318,",2020-07-02,信息审核,2017,2.0L,手动, 舒适型
490623,奇瑞汽车,捷途X70S,捷途X70S配件质量差导致故障问题多,"N317,",2020-07-02,用户评分,2019,1.5T,手动, X70S 征途版 国V
490621,上汽集团,名爵ZS,上汽名爵ZS底盘配件生锈严重4S店不给解决,"G180,H79,I295,I293,N317,",2020-07-02,处理反馈,2018,1.5L,自动, 豪华版 国V
490620,吉利汽车,星越,吉利星越升级车机后依然卡顿影响使用,"H155,M279,O348,",2020-07-02,处理反馈,2019,350T,, 改款 耀星者
490617,上汽斯柯达,柯迪亚克,上汽斯柯达柯迪亚克发动机共振中控台异响,"A24,H164,H93,I295,",2020-07-02,信息审核,2018,,, TSI330 两驱 舒适版 5座
490609,吉利新能源,星越新能源,吉利星越新能源车机升级后问题未解决问题,"O348,",2020-07-02,处理反馈,2019,,, 改款 400T 驭星者 纯电动续航80KM
490606,东风风行,景逸X3,东风风行景逸X3车身漆面多处破损生锈严重,"H79,H81,",2020-07-02,用户评分,2015,1.5L,, 舒适型
490603,一汽-大众,宝来,一汽大众宝来刹车异响维修未解决问题,"E43,",2020-07-02,处理反馈,2020,1.5L,自动, 精英型
490598,东风日产,逍客,东风日产逍客变速箱无法加速抖动 钢带磨损,"B95,B334,B77,",2020-07-02,用户评分,2016,2.0L,, CVT 旗舰版
490597,奥迪（进口）,奥迪Q7,奥迪Q7隔音棉与空调出风口异味严重,"H185,",2020-07-02,信息审核,2018,,, 40 TFSI S line运动型
490595,吉利汽车,帝豪,吉利帝豪起步时变速箱顿挫要求厂家处理,"B19,B22,I297,",2020-07-02,厂家受理,2017,1.5L,, CVT 豪华型 三厢 百万款
490593,吉利汽车,缤越,吉利缤越主驾驶位车窗漏风 车机版本老旧,"H144,L314,",2020-07-02,处理反馈,2019,260T,, 运动款 DCT Battle 国VI 运动款
490591,吉利汽车,星越,吉利星越转向机抖动共振车机死机与宣传不符,"D59,D80,M279,",2020-07-02,处理反馈,2020,350T,, 驭星者AWD
490589,吉利汽车,星越,吉利星越车机黑屏开机慢操作版本与宣传不符,"H155,M279,",2020-07-02,处理反馈,2019,350T,, 耀星者
490586,吉利汽车,帝豪GS,吉利帝豪GS保养提示无法消除厂家不解决,"I295,K307,",2020-07-02,处理反馈,2016,1.8L,手动, 领尚型 优雅版
490585,北京汽车,绅宝X65,绅宝X65踩油门车身左右摆动厂家未回复处理,"G204,I295,I294,",2020-07-02,厂家受理,2015,2.0T,自动,  舒适型
490583,红岩,杰狮C500,红岩杰狮C500发动机断油4S店不予处理,"A255,I295,J298,",2020-07-02,信息审核,,,, 牵引车
490578,上汽通用五菱,五菱之光,上汽通用五菱之光发动机故障需要大修,"A37,",2020-07-02,信息审核,2020,,, 1.2L 实用型 国VI LSI
490575,吉利汽车,博越,吉利博越挡位指示灯及雾灯与厂家宣传不符,"M279,",2020-07-02,用户评分,2020,1.8TD,, DCT 智领PRO
490574,比亚迪,比亚迪S6,比亚迪S6经销商销售库存车辆不解决,"M283,",2020-07-02,处理反馈,2014,2.0L,手动, 尊享型 5座
490573,吉利汽车,缤越,吉利缤越底盘异响 车窗漏风 4S店不解决,"G56,H144,I295,",2020-07-02,用户评分,2019,260T,, DCT 骑士 国V
490572,东风本田,本田CR-V,东风本田CR-V冷车倒车踩刹车异响,"E43,",2020-07-02,厂家受理,2017,,自动, 240TURBO 两驱 风尚版
490569,润知星牌,云梯车,润知星牌云梯车车身多处开裂影响安全,"H168,",2020-07-02,信息审核,,,, 轻型专项作业车
490565,东风悦达起亚,K5凯酷,东风悦达起亚K5凯酷4S店保养收费不透明,"K308,",2020-07-02,厂家受理,2012,2.0L,自动, DLX
490562,众泰汽车,众泰T700,众泰T700天窗漏水售后维修无配件更换,"H101,H89,N318,",2020-07-02,处理反馈,2017,1.8T,, 双离合 尊贵型
490560,长城汽车,哈弗H2,哈弗H2方向机和悬架异响 发动机抖动,"A24,D59,G204,",2020-07-02,厂家受理,2016,1.5T,自动, 两驱精英型
490559,星途,星途LX,星途LX发动机漏油造成内部磨损要求解决,"A12,",2020-07-02,信息审核,2019,1.6T,, 星耀版
490552,吉利汽车,星越,吉利星越车机升级后卡顿死机要求更换硬件,"H155,O348,",2020-07-02,处理反馈,2019,350T,, 耀星者
490551,一汽-大众奥迪,奥迪Q5,一汽大众奥迪Q5 4S店质保期内不解决问题,"I295,I282,",2020-07-02,信息审核,2017,2.0T,, 40 TFSI 技术型
490550,东风雪铁龙,天逸 C5 AIRCROSS,东风雪铁龙天逸 C5 AIRCROSS方向机异响,"D59,O326,",2020-07-02,处理反馈,2017,,, 380THP 豪华型
490548,吉利汽车,星越,吉利星越减震器异响 车辆减配开门警示灯,"G52,H155,H202,M279,Q350,",2020-07-01,处理反馈,2019,350T,, 耀星者
490545,奇瑞新能源,瑞虎e,奇瑞瑞虎e使用快速充电充电速度过慢,"H340,",2020-07-01,厂家受理,2019,,, 驭享版
490544,广汽丰田,凯美瑞,广汽丰田凯美瑞中控仪表台有老化发粘现象,"H176,",2020-07-01,处理反馈,2007,,自动, 240V 2.4 NAVI 至尊导航版
490542,吉利汽车,博越,吉利博越前雾灯和挡位灯与厂家宣传不符,"M279,",2020-07-01,处理反馈,2020,1.8TD,, DCT 智慧PRO
490538,长安马自达,马自达3 昂克赛拉,长安马自达昂克赛拉发动机熄火故障灯亮,"A34,A163,A14,",2020-07-01,用户评分,2017,1.5L,自动, 三厢 豪华型 国VI
490537,一汽-大众,高尔夫,一汽大众高尔夫变速箱故障灯常亮要求处理,"B96,",2020-07-01,处理反馈,2015,1.6L,自动, 舒适型
490536,东风日产,天籁,日产天籁4S店承诺不兑现缴纳活动费不退还,"L313,",2020-07-01,用户评分,2020,2.0L,, XL Upper 智行版
490535,广汽丰田,丰田C-HR,广汽丰田C-HR未给发票导致无法上牌,"O353,",2020-07-01,处理反馈,2020,2.0L,, 领先版
490533,吉利汽车,星越,吉利星越车机系统升级后依然有卡顿问题,"O348,",2020-07-01,处理反馈,2019,350T,, 驭星者
490532,奇瑞汽车,奇瑞QQ3,奇瑞QQ3车身多处有生锈腐蚀的现象,"H79,",2020-07-01,处理反馈,2007,,手动, 0.8 基本型
490531,东风标致,标致408,东风标致408四个轮毂有不同程度氧化的现象,"H243,",2020-07-01,厂家受理,2015,1.2T,自动, 豪华版
490528,广汽三菱,奕歌,广汽三菱奕歌发动机与变速箱连接处漏油,"A12,B22,J301,",2020-07-01,厂家受理,2019,1.5T,, CVT 两驱 信念版 国V
490523,上汽集团,名爵6,上汽名爵6异地购车交付押金不予退还,"K309,",2020-07-01,处理反馈,2019,20T,自动, Trophy 十周年版
490520,上汽斯柯达,速派,斯柯达速派交付定金后4S店出售库存车,"K309,M283,",2020-07-01,信息审核,2019,,, TSI330 DSG 豪华版
490519,吉利汽车,星越,吉利星越车机卡顿死机与宣传不符,"H155,M279,",2020-07-01,处理反馈,2020,350T,, 驭星者AWD
490512,吉利汽车,星越,吉利星越车机硬件与宣传不符要求更换总成,"O348,",2020-07-01,处理反馈,2019,350T,, 耀星者
490508,海马汽车,海马8S,海马8S驾驶室门把手感应触点故障,"H233,",2020-07-01,处理反馈,2019,,自动, 1.6TGDI 潮版
490507,领克汽车,领克01,领克01服务站私自上调保养工时费,"K308,",2020-07-01,用户评分,2017,2.0T,自动, 两驱 型
490505,一汽-大众,宝来,一汽大众宝来刹车盘生锈 踩刹车左前轮异响,"E42,",2020-07-01,处理反馈,2018,1.5L,自动, 舒适型
490502,一汽-大众,速腾,一汽大众速腾变速箱异响 转向异响 前轮异响,"B33,D59,G125,",2020-07-01,处理反馈,2019,280TSI,, DSG 舒适型 国VI
490499,一汽大众,捷达VS7,捷达VS7雨刮器下方导水槽进水导致生锈,"H79,H109,",2020-07-01,处理反馈,2020,1.4T,自动, 悦享型
490498,吉利汽车,帝豪,吉利帝豪倒车摄像头进水导致影像模糊,"H134,",2020-07-01,处理反馈,2017,1.5L,, CVT 向上版 三厢 百万款
490497,奇瑞汽车,瑞虎3,奇瑞瑞虎3变速箱无法提速要求免费维修,"B33,",2020-07-01,处理反馈,2016,1.6L,手动, 尊尚版
490496,奇瑞新能源,奇瑞eQ,奇瑞新能源eQ动力电池故障 维修后无法启动,"H343,J300,",2020-07-01,厂家受理,2015,,, 舒适型
490494,华晨宝马,宝马X3,华晨宝马X3转向拉杆损坏导致异响,"G252,",2020-07-01,信息审核,2018,,, xDrive28i M运动套装 国VI
490493,吉利汽车,博越,吉利博越发动机高温报警缸垫损坏,"A191,",2020-07-01,处理反馈,2016,1.8TD,自动, 两驱 智尚型
490491,吉利汽车,星越,吉利星越车机出现死机现象版本与宣传不符,"H155,M279,",2020-07-01,处理反馈,2019,350T,, 耀星者
490490,一汽-大众奥迪,奥迪Q5,一汽大众奥迪Q5天窗以及内饰异响,"H164,H89,",2020-07-01,信息审核,2017,,, Plus 40 TFSI 进取型
490488,一汽-大众,宝来,一汽大众宝来左后轮锦湖轮胎鼓包,"F39,",2020-07-01,用户评分,2019,1.5L,自动, 精英型
490485,广汽三菱,欧蓝德,广汽三菱欧蓝德抖动顿挫噪音大厂家不解决,"A38,B19,",2020-07-01,厂家受理,2019,2.0L,, 两驱 畅享版 5座 国VI
490484,上汽集团,名爵6,上汽名爵6离合器异响钣金出现凹陷,"C65,H209,",2020-07-01,用户评分,2019,20T,手动, 运动版
490482,一汽-大众,速腾,一汽大众速腾上坡辅助系统功能缺失,"H170,",2020-07-01,处理反馈,2020,280TSI,, DSG 舒适型 国VI
490480,吉利汽车,博越,吉利博越中控台A柱B柱与挡风玻璃缝隙大,"H168,H15,",2020-07-01,处理反馈,2018,1.8TD,自动, 两驱 智慧型 运动版
490479,SWM斯威汽车,SWM斯威G05,斯威G05油表不准维修三次未能解决,"H202,J298,",2020-07-01,信息审核,2019,1.5T,自动, 豪华型
490477,上汽集团,名爵ZS,上汽名爵ZS中控屏不亮要求尽快处理,"H134,",2020-07-01,处理反馈,2020,,自动, 180DVVT Lite
490473,大众（进口）,高尔夫新能源(进口),进口大众高尔夫新能源充电器出现损坏,"H340,",2020-07-01,信息审核,2015,1.4T,,  双离合 GTE
490471,上汽集团,名爵ZS,上汽名爵ZS仪表提示发动机异响故障灯亮,"A9,A34,",2020-07-01,处理反馈,2020,,自动, 180DVVT Plus L2+
490470,东风雪铁龙,雪铁龙C4L,东风雪铁龙C4L转向柱松动希望厂家处理,"D337,",2020-07-01,厂家受理,2013,1.6THP,自动, 劲享版
490466,上汽大通,上汽MAXUS G10,上汽MAXUS G10事故维修使用副厂配件,"N319,",2020-07-01,厂家受理,2019,2.0T,自动, 精英版 PLUS 国V
490463,领克汽车,领克01,领克01前挡风玻璃出现开裂希望厂家处理,"H113,",2020-07-01,用户评分,2019,2.0T,, 两驱型 Pro版 国VI
490460,一汽-大众,迈腾,一汽大众迈腾变速箱故障机电单元损坏,"B96,B27,",2020-07-01,处理反馈,2017,330TSI,, DSG 领先型
490458,上汽大众,途观L,上汽大众途观L发动机异响厂家推诿未解决,"A9,I295,I281,",2020-07-01,用户评分,2018,330TSI,自动, 两驱 舒适版
490456,东风风行,风行M6,东风风行M6离合器漏油4S店推脱不处理,"C207,",2020-07-01,处理反馈,2019,1.5T,手动, 长轴尊享型 7座
490455,奇瑞汽车,艾瑞泽5,奇瑞艾瑞泽5主驾侧门生锈鼓包希望厂家处理,"H79,H81,",2020-07-01,处理反馈,2016,1.5L,手动, 领锐版
490452,吉利汽车,星越,吉利星越车机软件升级后卡顿开机慢,"O348,",2020-07-01,处理反馈,2019,350T,, 暗夜骑士限量版
490448,吉利汽车,博越,吉利博越实车没有挡位指示灯与宣传不符,"M279,",2020-07-01,处理反馈,2020,1.8TD,, DCT 智慧PRO
490445,吉利汽车,星越,吉利星越车机两次死机 升级后更加卡顿,"M279,",2020-07-01,处理反馈,2019,350T,, 耀星者
490442,吉利汽车,星越,吉利星越车机卡顿死机版本与宣传不符,"H155,M279,",2020-07-01,处理反馈,2019,350T,, 改款 耀星者
490441,吉利汽车,缤越,吉利缤越车机系统无法升级 出现过死机现象,"H155,L314,",2020-07-01,处理反馈,2019,260T,, DCT 游侠 国VI
490439,上汽大众,途观L,上汽大众途观L天窗漏水4S店订件时间长,"H90,I295,L314,L310,N320,",2020-07-01,信息审核,2019,330TSI,自动, 两驱 全景舒适版 国V
490438,上汽大众,朗逸,上汽大众朗逸韩泰轮胎开裂影响安全,"F100,",2020-07-01,信息审核,2018,1.5L,自动, 风尚版 国V
490437,吉利汽车,星越,吉利星越车机自动切歌 版本与宣传不符,"H155,M279,",2020-07-01,处理反馈,2019,350T,, 耀星者
490436,吉利汽车,星越,吉利星越车机软件升级之后比之前还要卡顿,"H155,O348,",2020-07-01,处理反馈,2019,300T,, 耀星者
490433,一汽丰田,卡罗拉,一汽丰田卡罗拉发动机多处渗油 怠速不稳,"A12,A35,",2020-07-01,信息审核,2018,1.2T,, S-CVT GL智享版
490432,东风日产,天籁,东风日产天籁前减震器有异响希望处理,"G52,",2020-07-01,处理反馈,2020,2.0L,, XL 舒适版
490431,福田汽车,欧曼,福田欧曼4S店出售有维修记录的车辆	,"M284,",2020-07-01,信息审核,2008,,, BJ5208VHCJL
490430,吉利汽车,博越,吉利博越实车无挡位显示灯与宣传不符,"M279,",2020-07-01,用户评分,2020,1.8TD,, DCT 智尊PRO
490427,一汽丰田,卡罗拉,一汽丰田卡罗拉中控台开裂掉皮并且出油,"H176,",2020-07-01,信息审核,2007,1.8L,, 自动GL-i
490422,吉利汽车,星越,吉利星越车机升级后出现死机现象,"O348,",2020-07-01,处理反馈,2019,350T,, 耀星者
490421,长安马自达,马自达3 昂克赛拉,长安马自达昂克赛拉行驶中车顶异响,"H15,",2020-07-01,用户评分,2017,1.5L,自动, 豪华型 三厢 国V
490419,北京现代,途胜,北京现代途胜打方向卡滞转向模糊,"D123,",2020-07-01,厂家受理,2019,,, 280TGDi 双离合 两驱 时尚版 国V
490418,上汽集团,名爵6,上汽名爵6保险杠喷漆不均匀质量差,"J303,N317,",2020-07-01,处理反馈,2015,1.8T,自动, 精英型 90周年赛道冠军版
490417,上汽通用五菱,宝骏560,宝骏560车门生锈 悬挂异响 离合器偏硬,"C181,G204,H79,H109,",2020-07-01,厂家受理,2016,1.8L,手动, 豪华型
490416,上汽斯柯达,明锐,斯柯达明锐韩泰轮胎开裂影响安全行驶,"F100,",2020-07-01,用户评分,2018,TSI280,, DSG 旗舰版 旅行版
490411,吉利汽车,星越,吉利星越车机软件升级后卡顿严重,"H155,M279,O348,",2020-07-01,处理反馈,2019,350T,, 耀星者
490407,华晨中华,中华V3,中华V3后尾灯进水希望厂家给予保修,"H88,I297,I294,I282,",2020-07-01,信息审核,2016,1.5L,自动, 智能型
490406,吉利汽车,星越,吉利星越车机升级后死机卡顿严重无法使用,"H155,O348,",2020-07-01,处理反馈,2019,300T,, 耀星者
490405,北京现代,现代ix35,北京现代ix35发动机拉缸希望尽快处理,"A329,",2020-07-01,信息审核,2012,2.0L,自动, 四驱 尊贵版 GLS
490403,长安马自达,马自达3 昂克赛拉,长安马自达昂克赛拉中控屏幕无故开裂,"H168,",2020-07-01,处理反馈,2016,2.0L,自动, 旗舰型 三厢
490402,吉利汽车,博瑞,吉利博瑞天窗卷帘绒布脱轨无法正常使用,"H192,",2020-07-01,用户评分,2015,2.4L,, 舒适型
490400,东风悦达起亚,起亚K3,东风悦达起亚K3胎压监测故障 中控异响,"D156,H93,H67,H203,",2020-07-01,厂家受理,2019,1.5L,, CVT 新锐版
490397,吉利汽车,星越,吉利星越车机系统与宣传不符存在有死机现象,"H155,M279,",2020-07-01,处理反馈,2019,350T,, 暗夜骑士限量版
490394,上汽斯柯达,明锐,斯柯达明锐发动机与变速箱连接处渗油,"B22,",2020-07-01,信息审核,2017,1.6L,自动, 智行版
490391,吉利汽车,星越,吉利星越车机系统升级后还是卡顿死机,"O348,",2020-07-01,处理反馈,2019,350T,, 耀星者
490390,一汽-大众奥迪,奥迪A3,一汽大众奥迪A3变速箱故障行驶中失去动力,"B334,B84,",2020-07-01,信息审核,2014,1.4T,, Limousine 双离合 进取型
490386,长安铃木,天语·尚悦,长安铃木天语·尚悦发动机怠速低容易熄火,"A24,A14,",2020-07-01,厂家受理,2011,1.6L,手动, 舒适型
490385,上汽大众,途昂,上汽大众途昂韩泰轮胎老化有裂纹,"F100,",2020-07-01,信息审核,2020,330TSI,, 两驱 豪华版 国VI
490384,吉利汽车,帝豪GS,吉利帝豪GS天窗玻璃出现开裂的现象,"H113,",2020-07-01,处理反馈,2018,1.8L,自动, 运动版 领尚型
490383,奔驰（进口）,奔驰S级,进口奔驰S级刹车异响4S店无法解决,"E43,",2020-07-01,信息审核,2018,,, S 320 L
490382,上汽通用五菱,宝骏730,宝骏730水箱漏水厂家拒赔不予处理	,"A37,",2020-07-01,信息审核,2016,1.5L,手动, 舒适版 7座 国V
490380,上汽大众,朗逸,上汽大众朗逸刹车异响 车内异味要求解决,"E43,E42,H185,",2020-07-01,信息审核,2017,1.6L,手动, 舒适版
490378,奇瑞汽车,捷途X70S,捷途X70S 4S店更换后备箱盖后生锈,"H79,J300,",2020-07-01,处理反馈,2019,1.5T,自动, X70S 征途版 国V
490377,一汽-大众,高尔夫,一汽大众高尔夫油箱盖锁不住售后不予质保,"H50,I297,",2020-07-01,处理反馈,2015,1.4TSI,自动, 旗舰型
490375,华晨中华,中华V6,中华V6中控屏不亮空调无法使用4S店不处理,"A37,H134,H101,J298,",2020-07-01,信息审核,2018,1.5T,手动, 豪华型
490370,一汽丰田,RAV4荣放,一汽丰田RAV4荣放发动机舱渗入泥沙,"M284,Q322,",2020-07-01,信息审核,2020,2.0L,, CVT 两驱 风尚版
490367,上汽大众,朗逸,上汽大众朗逸停放中保险丝盒位置自燃,"H40,",2020-07-01,信息审核,2018,1.5L,自动, 舒适版 国V
490366,一汽-大众奥迪,奥迪A6L,一汽大众奥迪A6L发动机舱内隔热板位置自燃,"H40,",2020-07-01,信息审核,2020,,, 45 TFSI quattro 臻选动感型
490363,一汽-大众,高尔夫,一汽大众高尔夫仪表提示变速箱处于紧急模式,"B96,",2020-07-01,处理反馈,2019,280TSI,, DSG 舒适型 国V
490362,广汽丰田,凯美瑞,广汽丰田凯美瑞车身漆面较薄容易损坏,"H81,",2020-07-01,处理反馈,2019,,, 2.0G 豪华版 国VI
490361,吉利汽车,星越,吉利星越门把手异响 车机升级后依然卡顿,"H197,H233,O348,",2020-07-01,处理反馈,2019,350T,, 耀星者
490360,吉利汽车,吉利SX7,吉利SX7车身严重生锈存在质量问题,"H79,",2020-07-01,处理反馈,2013,1.8L,手动, 进取型
490356,吉利汽车,星越,吉利星越车机软件升级后卡顿更加严重,"H155,M279,",2020-07-01,处理反馈,2019,350T,, AWD 驭星者
490353,吉利汽车,星越,吉利星越车机软件升级后语音助手卡顿,"M279,O348,",2020-07-01,处理反馈,2019,300T,, 改款 耀星者
490352,吉利汽车,星越,吉利星越车机软件升级之后比之前卡顿,"H155,M279,",2020-07-01,处理反馈,2019,350T,, 改款 耀星者
490350,东风日产,骐达TIIDA,东风日产骐达发动机故障灯亮希望解决,"A34,",2020-07-01,处理反馈,2008,,手动, 1.6G 时尚型
490349,吉利汽车,星越,吉利星越车机系统与宣传不符 升级后卡顿,"H155,O348,",2020-07-01,处理反馈,2019,350T,, 耀星者
490348,北京现代,领动,现代领动转向异响座椅生锈 后备箱开启困难,"D59,H79,H68,",2020-07-01,厂家受理,2019,1.5L,, CVT 智炫·精英型
490347,东风标致,标致408,东风标致408召回正时皮带后烧机油,"A63,Q323,",2020-07-01,处理反馈,2015,1.2T,自动, 豪华版
490345,上汽集团,名爵HS,上汽名爵HS变速箱故障灯亮维修三次未解决,"B96,",2020-07-01,处理反馈,2019,30T,自动, 两驱 Trophy超燃版 国VI
490343,吉利汽车,远景,吉利远景行驶中断电存在严重安全隐患,"H110,",2020-07-01,处理反馈,2018,1.5L,自动, 幸福版
490339,东风本田,东风本田X-NV,东风本田X-NV厂家承诺赠送充电桩不兑现,"L313,",2020-07-01,信息审核,2020,,, 电掣版
490335,吉利汽车,星越,吉利星越车机系统升级后语音唤醒反应迟钝,"O348,",2020-07-01,处理反馈,2019,300T,, 耀星者
490333,东风日产,天籁,东风日产天籁变速箱漏油4S店不予解决,"B22,",2020-07-01,处理反馈,2019,2.0L,, XL 舒适版
490332,吉利汽车,星越,吉利星越车机升级后卡顿影响正常使用,"O348,",2020-07-01,处理反馈,2019,350T,, AWD 驭星者
490331,一汽丰田,亚洲龙,一汽丰田亚洲龙新车天窗异响要求处理,"H89,",2020-07-01,信息审核,2019,2.5L,, Touring 尊贵版 国Ⅵ
490330,一汽-大众,速腾,一汽大众速腾变速箱低速顿挫有异响,"B33,B19,",2020-07-01,处理反馈,2015,1.6L,自动,  舒适型
490329,吉利汽车,星越,吉利星越车机升级后卡顿严重要求解决,"O348,",2020-07-01,处理反馈,2019,350T,, 改款 耀星者
490327,长安马自达,马自达3 昂克赛拉,长安马自达昂克赛拉后视镜折叠后无法展开,"H211,",2020-07-01,处理反馈,2017,2.0L,自动, 运动型 两厢 国V
490326,一汽-大众,宝来,一汽大众宝来发动机爆震更换活塞后再次爆震抖动,"A18,",2020-07-01,处理反馈,2018,1.5L,自动, 时尚型
490325,吉利汽车,帝豪,吉利帝豪4S店销售问题车辆厂家不予回复,"I294,M284,",2020-07-01,信息审核,2019,1.5L,手动, 领军版 豪华型 国VI
490324,上汽集团,名爵ZS,上汽名爵ZS车发动机启动困难油耗偏高,"A85,A44,",2020-07-01,处理反馈,2017,1.5L,自动, 豪华版
490323,吉利汽车,星越,吉利星越车机升级后卡顿死机现象严重,"H155,O348,",2020-07-01,处理反馈,2019,350T,, 耀星者
490322,长城汽车,哈弗H2,哈弗H2自动驻车故障报警电瓶亏电厂家未回复,"H146,H170,I294,",2020-07-01,厂家受理,2018,1.5T,, 双离合 两驱 精英型 红标
490321,吉利汽车,星越,吉利星越悬架和内饰异响车机系统与宣传不符,"G204,H164,M279,",2020-07-01,处理反馈,2019,350T,, 耀星者
490320,北京现代,名图,北京现代名图转向时方向盘异响不自动回位,"D59,G52,G225,I295,J298,",2020-07-01,信息审核,2017,1.8L,自动, 尊贵型 DLX 国V
490317,上汽集团,名爵ZS,上汽名爵ZS续保押金无法退还 厂家不解决,"I295,K309,",2020-07-01,用户评分,2017,1.5L,手动, 风尚版
490312,吉利新能源,星越新能源,吉利星越新能源车机升级后卡顿严重,"O348,",2020-07-01,处理反馈,2019,,, 400T 驭星者 纯电动续航80KM
490310,领克汽车,领克03,领克03固特异轮胎爆胎4S店销售补贴不兑现,"F130,H101,I295,L313,",2020-07-01,处理反馈,2019,1.5TD,, DCT 劲版 国VI
490309,吉利汽车,博越,吉利博越挡位指示灯和雾灯与宣传不符,"M279,",2020-07-01,处理反馈,2020,1.8TD,, DCT 智尊PRO
490307,吉利汽车,博越,吉利博越实车无挡位灯和前雾灯与宣传不符,"M279,",2020-07-01,处理反馈,2020,1.8TD,, DCT 智领PRO
490305,吉利汽车,博越,吉利博越雾灯减配厂家补贴承诺不兑现,"L313,M279,Q350,",2020-07-01,处理反馈,2020,1.8TD,, DCT 智慧PRO
490304,东风悦达起亚,起亚K3,东风悦达起亚K3 4S店未履行承诺退定金遭拒,"K309,L313,",2020-07-01,处理反馈,2019,1.5L,, CVT 智享互联版
490303,吉利汽车,星越,吉利星越车机系统升级后死机卡顿厂家未回复,"I294,O348,",2020-07-01,处理反馈,2019,350T,, 暗夜骑士限量版
490299,广汽丰田,雷凌双擎E+,广汽丰田雷凌双擎E+充电桩不符国家标准,"O353,O354,",2020-07-01,处理反馈,2019,,, 1.8PH V E-CVT 豪华版
490297,江淮汽车,瑞风S5,江淮瑞风S5行驶过程中发动机有掉落的现象,"A241,",2020-07-01,处理反馈,2014,2.0L,手动, 尊贵版
490294,吉利汽车,星越,吉利星越车机升级后死机卡顿要求更换硬件,"O348,",2020-07-01,处理反馈,2019,350T,, 驭星者
490292,广汽三菱,欧蓝德,广汽三菱欧蓝德冷启动困难加速行驶有异响,"A9,A44,",2020-07-01,厂家受理,2019,2.0L,, 两驱 畅享版 5座 国VI
490290,吉利汽车,缤越,吉利缤越底盘生锈 爆漆 仪表进灰 车机不升级,"H79,H81,H202,L314,",2020-07-01,用户评分,2019,260T,, DCT 骑士 国VI
490288,福田汽车,蒙派克E,福田蒙派克E空调出风结冰变速箱档杆异响,"B33,H101,J298,",2020-07-01,信息审核,2017,2.0L,, 商运版 舒适型 长轴 4G63
490287,吉利汽车,星越,吉利星越车机死机系统与宣传不符,"H155,M279,",2020-07-01,用户评分,2019,350T,, 暗夜骑士限量版
490286,上汽大众,途观L,上汽大众途观L变速箱异响厂家不处理,"B33,I295,",2020-07-01,用户评分,2017,,, 380TSI 四驱 旗舰版
490283,五征飞碟,缔途,五征飞碟缔途行驶中发动机熄火4S店不解决,"A14,A35,H101,I295,J298,",2020-07-01,信息审核,,,, GX单排货车
490282,一汽丰田,亚洲龙,一汽丰田亚洲龙机油增多存在有汽油味,"A339,",2020-07-01,信息审核,2019,2.5L,, 双擎 豪华版 国Ⅵ
490281,吉利汽车,星越,吉利星越车机卡顿黑屏升级后问题加剧,"O348,",2020-07-01,处理反馈,2019,350T,, 暗夜骑士限量版
490278,吉利汽车,星越,吉利星越车机与宣传不符 车窗玻璃抖动异响,"H72,H144,M279,",2020-07-01,处理反馈,2019,300T,, 耀星者
490277,吉利汽车,缤越,吉利缤越行驶时A柱处漏风车机系统卡顿,"H144,L314,",2020-07-01,处理反馈,2019,260T,, DCT 游侠 国VI
490276,广汽三菱,欧蓝德,广汽三菱欧蓝德加速无力 车身共振,"A24,A163,",2020-07-01,厂家受理,2019,2.4L,, 四驱 致享版 5座 国VI
490274,一汽奔腾,奔腾X80,一汽奔腾X80经销商一直不予更换召回燃油泵,"I282,",2020-07-01,厂家受理,2015,2.0L,自动, 豪华型 5座
490273,广汽丰田,雷凌,广汽丰田雷凌保险丝烧断多个电器无法使用,"H110,",2020-07-01,用户评分,2019,,, 双擎 1.8H E-CVT 进取版 国VI
490272,江淮汽车,瑞风M3,江淮瑞风M3发动机熄火4S店维修后未解决,"A14,J298,",2020-07-01,用户评分,2019,1.8L,, 创客版 豪华型
490271,吉利汽车,星越,吉利星越车机系统升级后卡顿问题未解决,"O348,",2020-07-01,处理反馈,2019,350T,, 耀星者
490268,一汽吉林,森雅R9,一汽吉林森雅R9氧传感器电路故障,"H234,",2020-07-01,信息审核,2018,1.2T,自动, 尊贵智悦型
490267,吉利汽车,星越,吉利星越车机夸大宣传引诱消费货不对板,"O348,",2020-07-01,处理反馈,2019,350T,, 耀星者
490264,上汽通用五菱,宝骏560,上汽通用五菱宝骏560变速箱无法加速,"B334,I295,N317,",2020-07-01,厂家受理,2017,1.5T,, DCT 尊享型
490263,一汽丰田,RAV4荣放,一汽丰田RAV4荣放邓禄普轮胎鼓包,"F39,",2020-07-01,信息审核,2019,2.0L,, CVT 两驱 风尚版 国VI
490262,吉利汽车,星越,吉利星越车机宣传不符升级后仍然出现死机,"M279,O348,",2020-07-01,处理反馈,2019,350T,, 驭星者
490261,众泰汽车,众泰SR9,众泰SR9发动机油耗高 车灯熄灭质量差,"A85,H82,",2020-07-01,处理反馈,2017,2.0T,手动, 极致之光版
490260,吉利汽车,星越,吉利星越车机系统升级后死机卡顿严重,"H155,O348,",2020-07-01,处理反馈,2019,300T,, 耀星者
490255,吉利汽车,嘉际,吉利嘉际刹车踏板异响 后备箱异响,"E43,H68,",2020-07-01,处理反馈,2019,1.5TD,, MHEV DCT 臻享型
490254,一汽吉林,森雅R9,一汽吉林森雅R9变速箱异响 发动机故障灯亮,"A34,B33,H202,",2020-07-01,信息审核,2018,1.2T,自动, 豪华智尚型
490253,一汽-大众,高尔夫,一汽大众高尔夫变速箱故障灯亮 挂挡不走,"B96,B334,",2020-07-01,处理反馈,2011,1.4TSI,, DSG 舒适型
490252,吉利汽车,星越,吉利星越车机与宣传不符出现卡顿死机现象,"H155,M279,",2020-07-01,处理反馈,2019,350T,, 耀星者
490251,吉利汽车,帝豪GL,吉利帝豪GL倒挡挂不上维修后未解决,"B20,",2020-07-01,处理反馈,2017,,自动, 1.3T 精英型
490248,吉利汽车,星越,吉利星越升级车机后系统死机卡滞,"H155,O348,",2020-07-01,处理反馈,2019,350T,, 耀星者
490246,一汽-大众,宝来,一汽大众宝来挡位和速度不匹配 发动机异响,"A9,B27,",2020-07-01,处理反馈,2018,1.5L,自动, 舒适型
490245,吉利汽车,星越,吉利星越升级车机系统后更加卡滞,"O348,",2020-07-01,处理反馈,2019,350T,, 改款 耀星者
490240,长安马自达,马自达3 昂克赛拉,长安马自达昂克赛拉发动机 转向故障灯亮,"A34,D291,H110,",2020-07-01,处理反馈,2020,1.5L,自动, 质型版
490238,上汽通用五菱,宝骏560,上汽通用五菱宝骏560发动机出现断油现象,"A160,",2020-07-01,信息审核,2016,1.5T,手动, 舒适型
490237,吉利汽车,星越,吉利星越车机系统死机版本与宣传不符,"H155,M279,",2020-07-01,处理反馈,2019,350T,, 耀星者
490233,吉利汽车,星越,吉利星越车机卡顿死机系统与宣传不符,"H155,M279,",2020-07-01,处理反馈,2019,350T,, 耀星者
490231,天津一汽,夏利N5,天津一汽夏利N5车身漏水生锈厂家不予处理,"H79,H109,I295,Q322,",2020-07-01,信息审核,2010,,, 1.3 豪华型 国四
490224,东风日产,蓝鸟,东风日产蓝鸟天窗下沉变速箱顿挫,"B19,G117,H209,",2020-07-01,处理反馈,2020,1.6L,, CVT 炫酷版
490221,东风乘用车,风神AX7,东风风神AX7车身座椅生锈 车门异响,"H79,H72,M279,",2020-07-01,用户评分,2020,1.6T,自动, AI先锋型 国VI
490219,东风标致,标致408,东风标致408更换皮带后发动机烧机油,"A63,",2020-07-01,处理反馈,2015,1.2T,自动, 豪华版
490216,吉利汽车,星越,吉利星越车机版本与宣传不符 升级后卡顿,"H155,M279,O348,",2020-07-01,用户评分,2019,350T,, 暗夜骑士限量版
490215,保时捷,Macan,保时捷Macan转向卡滞抖动希望厂家处理,"D123,D80,",2020-07-01,信息审核,2016,2.0T,,
490213,吉利汽车,星越,吉利星越车机系统卡顿死机升级后未解决,"O348,",2020-07-01,处理反馈,2019,350T,, 耀星者
490208,上汽集团,名爵6,上汽名爵6球笼皮套漏油 灯座卡子断裂,"G161,H168,",2020-07-01,处理反馈,2019,20T,自动, 星辉版
490205,吉利汽车,星越,吉利星越车机升级后卡顿硬件未解决,"O348,",2020-07-01,处理反馈,2019,350T,, 耀星者
490203,吉利汽车,星越,吉利星越车机死机操作版本与宣传不符,"H155,M279,",2020-07-01,处理反馈,2019,350T,, 暗夜骑士限量版
490201,北京现代,领动,北京现代领动主驾车门生锈转向异响,"D59,H79,",2020-07-01,信息审核,2016,1.6L,自动, 智炫·精英型
490193,一汽-大众奥迪,奥迪A6L,一汽大众奥迪A6L经销商维修后漆面内饰受损,"I295,I293,J299,J304,",2020-07-01,信息审核,2018,,, 45 TFSI 双离合 quattro 运动型
490190,吉利汽车,星越,吉利星越车机系统升级后死机更加卡顿,"O348,",2020-07-01,处理反馈,2019,350T,, 驭星者
490189,上汽大众,朗逸,上汽大众朗逸转向异响 转向柱与踏板生锈,"D59,H79,",2020-07-01,信息审核,2017,1.6L,自动, 舒适版
490188,吉利汽车,星越,吉利星越车机升级后卡顿死机希望厂家处理,"O348,",2020-07-01,处理反馈,2019,350T,, 改款 驭星者
490187,一汽-大众,C-TREK蔚领,一汽大众C-TREK蔚领新车发动机异响漏油,"A9,A12,I281,J301,",2020-07-01,处理反馈,2018,230TSI,, DSG 舒适型
490186,海马汽车,海马M6,海马M6制动系统失灵导致严重事故,"E29,",2020-07-01,处理反馈,2015,1.5T,手动, 豪华型
490185,上汽大众,途观L,上汽大众途观L售后维修技术差喷漆后有色差,"J303,",2020-07-01,信息审核,2019,,自动, 380TSI 四驱 智动豪华版 国VI
490184,吉利汽车,星越,吉利星越车机卡顿 变速箱顿挫 中控台异响,"B19,H93,M279,",2020-07-01,用户评分,2019,300T,, 耀星者
490183,吉利汽车,星越,吉利星越车机系统卡顿黑屏自动重启,"H155,",2020-07-01,处理反馈,2019,300T,, 耀星者
490182,吉利汽车,星越,吉利星越车机升级后卡顿操作功能丢失,"O348,",2020-07-01,处理反馈,2019,300T,, 耀星者
490180,吉利汽车,星越,吉利星越车机死机黑屏与宣传不符,"H155,M279,",2020-07-01,处理反馈,2019,350T,, 耀星者
490179,东风汽车,御风P16,东风御风P16发动机无法加速4S店无法解决,"A255,J298,",2020-07-01,信息审核,2017,,, 1.9T 四驱 豪华型 D19TCIE2
490178,吉利汽车,星越,吉利星越车机系统升级后卡顿死机严重,"H155,O348,",2020-07-01,处理反馈,2019,300T,, 耀星者
490177,吉利汽车,星越,吉利星越车机升级后卡顿死机语音唤醒迟钝,"O348,",2020-07-01,处理反馈,2019,350T,, 耀星者
490176,吉利汽车,星越,吉利星越车机死机黑屏配置与宣传不符,"H155,M279,",2020-07-01,处理反馈,2019,350T,, 耀星者
490174,一汽-大众,迈腾,一汽大众迈腾变速箱故障机电单元损坏,"B115,",2020-07-01,用户评分,2019,330TSI,, DSG 领先型 国V
490170,吉利汽车,远景,吉利远景启动困难频繁更换起动机和电池,"A44,H146,",2020-07-01,处理反馈,2016,1.5L,自动, 幸福版
490168,江淮汽车,帅铃,江淮帅铃制动气压故障发动机故障灯亮,"A34,E196,",2020-07-01,处理反馈,2015,,, 帅铃T6
490167,吉利汽车,星越,吉利星越车机系统升级后多功能按键失灵,"O348,",2020-07-01,处理反馈,2019,350T,, 暗夜骑士限量版
490166,吉利汽车,星越,吉利星越车机黑屏死机与发布会宣传不符,"H155,M279,",2020-07-01,处理反馈,2019,350T,, 暗夜骑士限量版
490165,吉利汽车,星越,吉利星越车机硬件以次充好升级后卡顿,"O348,",2020-07-01,处理反馈,2019,350T,, 耀星者
490162,吉利汽车,星越,吉利星越车机软件升级后卡顿硬件未解决,"O348,",2020-07-01,处理反馈,2019,350T,, AWD 驭星者
490161,一汽-大众奥迪,奥迪Q5L,一汽大众奥迪Q5L发动机故障灯常亮,"A34,",2020-07-01,信息审核,2020,,, 40 TFSI 荣享进取型
490160,东风标致,标致207,东风标致207一挡起步踩油门时离合器打滑,"C16,",2020-07-01,处理反馈,2011,,手动, 1.4 驭乐版 两厢
490159,吉利汽车,星越,吉利星越车机死机黑屏要求更换硬件,"H155,M279,",2020-07-01,处理反馈,2019,350T,, 耀星者
490156,上汽大众,Polo,上汽大众Polo转向异响希望厂家处理问题,"D59,",2020-07-01,信息审核,2018,1.5L,自动, 安驾型
490155,长安汽车,长安欧尚X7,长安欧尚X7车辆尾灯减配变速箱换挡闯挡,"B19,M279,Q350,",2020-07-01,厂家受理,2020,1.5T,自动, 豪华型
490154,吉利汽车,星越,吉利星越车机卡顿死机要求更换硬件,"H155,M279,",2020-07-01,处理反馈,2019,350T,, 改款 耀星者
490153,吉利汽车,星越,吉利星越车机系统升级后出现卡顿黑屏,"O348,",2020-07-01,处理反馈,2019,350T,, 耀星者
490152,广汽三菱,欧蓝德,广汽三菱欧蓝德中控台刹车异响严重,"E43,H93,",2020-07-01,厂家受理,2019,2.4L,, 两驱 致行版 5座 国V
490151,一汽-大众,探岳,一汽大众探岳车灯透镜通透性差车灯亮度不足,"H82,",2020-07-01,处理反馈,2019,330TSI,, 两驱 豪华型 国Ⅵ
490147,吉利汽车,星越,吉利星越车机系统升级措施不到位,"O348,",2020-07-01,处理反馈,2019,350T,, 耀星者
490146,吉利汽车,星越,吉利星越车机系统升级后未能解决问题,"O348,",2020-07-01,处理反馈,2019,350T,, 驭星者
490145,吉利汽车,星越,吉利星越车机系统升级后死机卡顿,"O348,",2020-07-01,处理反馈,2019,300T,, 耀星者
490144,MINI,MINI,MINI涡轮增压器再次异响厂家不予保修,"A9,A189,I297,",2020-07-01,信息审核,2018,1.5T,, ONE 五门版
490143,东风雷诺,科雷傲,东风雷诺科雷傲行驶过程中车内有低频嗡嗡声,"H164,",2020-07-01,信息审核,2018,2.0L,, 两驱 120周年限量版
490142,骐铃汽车,骐铃T7,江铃骐铃T7发动机和SVS故障灯亮动力不足,"A34,A163,A114,",2020-07-01,信息审核,2018,2.0T,, PLUS 两驱 豪华版 标准轴距 4K21D4T
490140,吉利汽车,星越,吉利星越车机系统升级后卡顿未解决,"O348,",2020-07-01,处理反馈,2019,300T,, 耀星者
490139,吉利汽车,星越,吉利星越车机硬件厂家未提供解决方案,"I295,",2020-07-01,处理反馈,2019,350T,, 改款 耀星者
490138,吉利新能源,星越新能源,吉利星越新能源车机卡顿死机版本与宣传不符,"H155,M279,",2020-07-01,处理反馈,2019,,, 改款 400T 耀星者 纯电动续航56KM
490137,一汽-大众,探岳,一汽大众探岳前大灯透镜出现白色雾气,"H82,",2020-07-01,处理反馈,2019,330TSI,, 两驱 尊贵型 国V
490134,吉利汽车,星越,吉利星越车机软件升级后卡顿希望厂家处理,"O348,",2020-07-01,处理反馈,2019,350T,, 耀星者
490133,众泰汽车,众泰T700,众泰T700转向助力失效4S店服务态度恶劣,"D156,D112,H168,I295,I293,I294,I282,K307,N318,",2020-07-01,用户评分,2017,2.0T,, 双离合 豪华型
490132,吉利汽车,星越,吉利星越车机系统升级后卡顿死机现象未解决,"O348,",2020-07-01,处理反馈,2019,350T,, AWD 驭星者
490131,长城汽车,哈弗H2,哈弗H2离合器踏板弹簧无法回位车辆再次启动,"C16,",2020-07-01,厂家受理,2016,1.5T,手动, 两驱豪华型
490130,吉利汽车,星越,吉利星越升级车机后依然卡顿要求更换硬件,"O348,",2020-07-01,处理反馈,2019,350T,, 耀星者
490128,吉利汽车,星越,吉利星越车机软件升级后比之前卡顿更严重,"H155,M279,",2020-07-01,处理反馈,2019,300T,, 耀星者
490127,一汽-大众,宝来,一汽大众宝来左前大灯开裂 升降开关脱落,"H168,H220,",2020-07-01,处理反馈,2017,1.6L,手动, 舒适型
490125,吉利汽车,星越,吉利星越车机系统升级后仍然出现卡顿,"O348,",2020-07-01,处理反馈,2019,350T,, 耀星者
490123,吉利汽车,星越,吉利星越车机系统死机卡顿升级后问题更严重,"O348,",2020-07-01,用户评分,2019,350T,, 耀星者
490122,吉利汽车,星越,吉利星越升级车机系统后还是有卡顿现象,"O348,",2020-07-01,用户评分,2019,350T,, 暗夜骑士限量版
490120,广汽本田,飞度,广汽本田飞度冷车启动发动机存在异响,"A9,",2020-07-01,信息审核,2014,1.5L,, CVT LX舒适型
490116,观致汽车,观致5,观致5中控无故黑屏希望厂家尽快解决,"H134,",2020-07-01,信息审核,2018,1.6T,自动, 尊贵型
490114,吉利汽车,缤越,吉利缤越车机系统黑屏死机升级承诺不兑现,"H155,L314,",2020-07-01,处理反馈,2019,260T,, DCT 骑士 国VI
490113,雷克萨斯,雷克萨斯ES,雷克萨斯ES天窗异响发动机舱有大量泥沙,"H89,I295,I281,Q322,",2020-07-01,厂家受理,2018,,, 200 卓越版 国V
490110,吉利汽车,星越,吉利星越车机软件升级后卡顿严重硬件未处理,"H155,O348,",2020-07-01,处理反馈,2019,300T,, 耀星者
490109,吉利汽车,星越,吉利星越车机卡顿升级后未解决要求升级硬件,"L314,",2020-07-01,处理反馈,2019,300T,, 耀星者
490107,吉利汽车,星越,吉利星越车机升级系统后依然出现卡顿黑屏,"H155,O348,",2020-07-01,处理反馈,2019,300T,, 耀星者
490106,吉利汽车,帝豪GS,吉利帝豪GS空调压缩机制冷时噪音大车内异响,"H101,H164,",2020-07-01,处理反馈,2019,260T,, DCT 动
490105,吉利汽车,星越,吉利星越车机系统升级后依旧黑屏卡顿,"H155,O348,",2020-07-01,处理反馈,2019,300T,, 耀星者
490104,广汽丰田,凯美瑞,广汽丰田凯美瑞前挡风玻璃处出现裂痕,"H113,",2020-07-01,处理反馈,2019,,, 2.0G 豪华版 国VI
490100,上汽通用五菱,五菱荣光小卡,上汽通用五菱荣光小卡发动机支架螺丝断裂,"A145,",2020-07-01,处理反馈,2019,1.5L,, 基本型 单排 L3C 国VI
490098,吉利汽车,星越,吉利星越车机升级后多功能方向盘按键失灵,"O348,",2020-07-01,处理反馈,2019,300T,, 耀星者
490095,上汽集团,名爵HS,上汽名爵HS发动机漏油希望尽快处理,"A12,",2020-07-01,厂家受理,2019,30T,自动, 两驱 Trophy超能版 国VI
490094,吉利汽车,星越,吉利星越车机系统升级后出现死机,"O348,",2020-07-01,处理反馈,2019,350T,, 暗夜骑士限量版
490093,吉利汽车,星越,吉利星越车机系统升级后死机严重,"O348,",2020-07-01,处理反馈,2019,350T,, 耀星者
490092,一汽-大众奥迪,奥迪Q5,一汽大众奥迪Q5发动机节温器漏防冻液,"A37,",2020-07-01,信息审核,2016,,, 40 TFSI 技术型
490091,吉利汽车,星越,吉利星越车机升级后死机卡顿严重,"O348,",2020-07-01,处理反馈,2019,300T,, 耀星者
490090,广汽本田,雅阁,广汽本田雅阁车身抖动 邓禄普轮胎开裂	,"F100,H268,",2020-07-01,信息审核,2016,2.0L,, CVT  舒适版
490088,吉利汽车,星越,吉利星越车机卡顿死机系统版本与宣传不符,"H155,M279,",2020-07-01,处理反馈,2019,350T,, 改款 耀星者
490087,吉利汽车,星越,吉利星越车机升级后卡顿要求更换车机,"H155,L313,O348,",2020-07-01,处理反馈,2019,350T,, 暗夜骑士限量版
490086,吉利汽车,星越,吉利星越车机系统升级后比之前还卡,"H155,O348,",2020-07-01,处理反馈,2019,350T,, 暗夜骑士限量版
490085,长安跨越,跨越王X1,长安跨越王X1新车车身倾斜4S店不予处理,"G83,I295,J298,O305,O324,",2020-07-01,用户评分,2018,,, 1.2L 标准型 单排 后双轮 加长货箱 LJ469Q-AEB
490083,奇瑞汽车,瑞虎8,奇瑞瑞虎8引擎盖生锈4S店出售库存车,"H79,M283,",2020-07-01,处理反馈,2019,,自动, 1.6TGDI 精英型
490082,吉利汽车,星越,吉利星越车机进行系统升级后还是卡顿,"O348,",2020-07-01,处理反馈,2019,350T,, 耀星者
490081,上汽通用五菱,宝骏560,上汽通用五菱宝骏560马牌轮胎出现裂痕,"F100,",2020-07-01,处理反馈,2016,1.5T,手动, 精英型
490080,吉利汽车,星越,吉利星越车机升级后依旧有卡顿黑屏现象,"O348,",2020-07-01,处理反馈,2019,350T,, 驭星者
490076,吉利汽车,星越,吉利星越车机系统升级后依然卡顿死机,"H155,",2020-07-01,用户评分,2019,350T,, 暗夜骑士限量版
490068,吉利汽车,星越,吉利星越车机系统升级后卡滞严重,"H155,O348,",2020-07-01,处理反馈,2019,350T,, 驭星者
490066,吉利汽车,星越,吉利星越车机升级后依然卡顿 雨刮抖动,"H155,H60,O348,",2020-07-01,处理反馈,2019,300T,, 耀星者
490065,吉利汽车,嘉际,吉利嘉际氛围灯与宣传不符厂家不予解决,"I295,I294,M279,",2020-07-01,处理反馈,2019,1.5TD,, MHEV DCT 尊享型
490064,吉利汽车,星越,吉利星越车机死机黑屏要求厂家兑现承诺,"H155,M279,",2020-07-01,处理反馈,2019,350T,, 暗夜骑士限量版
490062,吉利汽车,星越,吉利星越车机升级后依然卡顿要求处理,"O348,",2020-07-01,处理反馈,2019,350T,, 耀星者
490061,吉利汽车,星越,吉利星越车机软硬件总成调包以次充好,"O348,",2020-07-01,处理反馈,2019,350T,, 耀星者
490060,长安汽车,长安欧尚X7,长安欧尚X7车辆尾灯功能不全与宣传不符,"M279,",2020-07-01,信息审核,2020,1.5T,自动, 豪华型
490057,吉利汽车,星越,吉利星越车机硬件及系统与宣传不符以次充好,"H155,M279,O348,",2020-07-01,处理反馈,2019,350T,, 耀星者
490054,众泰汽车,云100,众泰云100动力电池故障无配件4S店不处理,"H343,I295,I281,N318,",2020-07-01,信息审核,2014,,, 云100 舒适型
490051,吉利汽车,星越,吉利星越升级车机后依然卡顿无法彻底解决,"O348,",2020-07-01,处理反馈,2019,300T,, 耀星者
490050,吉利汽车,星越,吉利星越升级车机后卡顿 内饰异响,"H164,H155,O348,",2020-07-01,处理反馈,2019,350T,, 暗夜骑士限量版
490049,吉利汽车,星越,吉利星越车机卡顿 导航出现死机黑屏现象,"H134,H155,M279,",2020-07-01,处理反馈,2019,350T,, 改款 耀星者
490048,吉利汽车,星越,吉利星越车机系统升级后卡顿未解决,"O348,",2020-07-01,处理反馈,2019,350T,, 改款 耀星者
490047,吉利汽车,星越,吉利星越车机死机硬件和软件系统与宣传不符,"H155,M279,",2020-07-01,处理反馈,2019,350T,, 驭星者
490046,广汽丰田,凯美瑞,广汽丰田凯美瑞发动机机油增多超过上限,"A339,",2020-07-01,处理反馈,2019,,, 双擎 2.5HG 豪华版 国VI
490044,奇瑞汽车,艾瑞泽7e,奇瑞艾瑞泽7e车辆无法充电无召回通知,"A34,B96,H340,",2020-07-01,处理反馈,2016,1.6L,, e 致享版
490042,吉利汽车,星越,吉利星越车机系统出现死机要求升级硬件,"H155,",2020-07-01,处理反馈,2019,350T,, 耀星者
490040,吉利汽车,星越,吉利星越车机系统升级后依然死机黑屏,"H155,O348,",2020-07-01,处理反馈,2019,350T,, 耀星者
490038,吉利汽车,星越,吉利星越车机系统升级后死机卡顿影响使用,"O348,",2020-07-01,处理反馈,2020,350T,, 驭星者
490037,吉利汽车,星越,吉利星越车机系统升级后仍然存在问题,"O348,",2020-07-01,处理反馈,2019,350T,, 暗夜骑士限量版
490036,吉利汽车,星越,吉利星越车机系统升级后依然死机卡顿,"O348,",2020-07-01,处理反馈,2019,350T,, 驭星者
490035,江淮汽车,瑞风S3,江淮瑞风S3打方向时卡顿异响希望厂家处理,"D59,D123,",2020-07-01,处理反馈,2016,1.5L,手动, 豪华智能尊享版
490034,上汽大众,朗逸,上汽大众朗逸变速箱异响4S店无法解决,"B33,",2020-07-01,信息审核,2019,280TSI,, DSG 舒适版 国VI
490033,吉利汽车,星越,吉利星越车机升级后比之前卡顿严重,"H155,O348,",2020-07-01,处理反馈,2019,350T,, 驭星者
490031,吉利汽车,星越,吉利星越车机升级后依然卡顿死机,"H155,O348,",2020-07-01,处理反馈,2019,350T,, 驭星者
490028,吉利新能源,嘉际新能源,吉利嘉际新能源4S店销售承诺不兑现,"L313,",2020-07-01,厂家受理,2019,1.5TD,, PHEV 尊享型
490026,吉利汽车,星越,吉利星越车机黑屏操作版本与宣传不符,"H155,M279,",2020-07-01,处理反馈,2019,300T,, 耀星者
490025,吉利汽车,星越,吉利星越车机死机系统升级不兑现,"H155,M279,",2020-07-01,处理反馈,2019,350T,, 耀星者
490024,吉利汽车,星越,吉利星越车机升级后比之前卡顿希望处理,"H155,O348,",2020-07-01,处理反馈,2019,350T,, AWD 驭星者
490023,上汽集团,名爵HS,上汽名爵HS发动机油耗高车身漆面变色,"A85,H201,",2020-07-01,处理反馈,2019,30T,自动, 两驱 Trophy超能版 国VI
490022,吉利汽车,星越,吉利星越车机系统升级后仍然出现死机现象,"H155,O348,",2020-07-01,处理反馈,2019,350T,, 改款 耀星者
490017,一汽-大众奥迪,奥迪A4L,一汽大众奥迪A4L SOS紧急呼叫功能故障,"H170,",2020-07-01,信息审核,2020,,, 40 TFSI 时尚动感型
490016,一汽-大众奥迪,奥迪Q3,一汽大众奥迪Q3刹车失灵 故障灯亮,"A174,E29,E62,",2020-07-01,信息审核,2018,,, 30 TFSI 风尚型 30周年年型
490012,上汽大众,朗逸,上汽大众朗逸轮毂氧化售后不予质保,"H243,",2020-07-01,信息审核,2018,280TSI,, DSG 豪华版 国V
490009,一汽丰田,卡罗拉,一汽丰田卡罗拉发动机异响 变速箱低速顿挫,"A9,B19,",2020-07-01,信息审核,2019,1.2T,, S-CVT GL-i豪华版
490007,奥迪（进口）,奥迪Q7,进口奥迪Q7车内异味不散 空调出风异味,"H185,H121,",2020-07-01,信息审核,2018,,, 45 TFSI 尊贵型
490001,上汽大众,途观L,上汽大众途观L升降挡时变速箱顿挫有异响,"B33,B19,",2020-07-01,信息审核,2019,330TSI,自动, 两驱 R-Line旗舰版 国V
