id,brand,car_model,type,desc,problem,datetime,status
531650,一汽丰田,卡罗拉,2019款 1.2T S-CVT GL先锋版,一汽丰田卡罗拉仪表盘异响4S店不予解决	,"H202,",2020-10-12,信息审核
531649,上汽大众,途岳,2020款 280TSI 两驱 舒适版 国VI,上汽大众途岳新车车身有明显二次喷漆的现象,"M284,",2020-10-12,信息审核
531646,捷豹,捷豹F-PACE,2018款 2.0T 四驱 都市尊享版,捷豹F-PACE经销商未提供车辆登记证书,"O353,",2020-10-12,信息审核
531645,华晨中华,中华H3,2017款 1.5L 手动 精英型,中华H3电喷线束质保期内厂家无货不更换,"N318,",2020-10-12,信息审核
531644,一汽-大众,高尔夫,2015款 1.6L 自动 舒适型,一汽大众高尔夫变速箱换挡机构出现故障,"B96,B184,",2020-10-12,信息审核
531641,吉利汽车,帝豪GS,2016款 1.8L 手动 领尚型 优雅版,吉利帝豪GS行驶跑偏希望尽快处理,"G117,",2020-10-12,信息审核
531636,北京现代,途胜,2015款 1.6T   双离合 两驱 智能型,北京现代途胜召回后发动机噪音大油耗高,"A38,A85,Q323,",2020-10-12,信息审核
531635,东风日产,天籁,2019款 2.0T XL Upper 智享版,东风日产天籁油箱加满油后异响存在质量问题,"H147,",2020-10-12,厂家受理
531633,吉利汽车,帝豪GS,2020款 1.4T CVT 动,吉利帝豪GS车身多处生锈希望厂家处理,"H79,",2020-10-12,信息审核
531632,威马汽车,威马EX5,2019款 EX5 Extra创新版400,威马EX5集成式智能行车记录仪与宣传不符,"M279,",2020-10-12,信息审核
531627,上汽通用五菱,宝骏360,2019款 1.5L CVT 豪华型 国VI,宝骏360经销商出售问题车漆面有补漆,"D59,M284,",2020-10-12,信息审核
531626,一汽-大众,速腾,2020款 280TSI DSG 舒适型 国VI,一汽大众速腾行驶中车身抖动希望厂家处理,"H268,",2020-10-12,信息审核
531624,上汽大众,朗逸,2018款 1.5L 自动 风尚版 经典 国VI,上汽大众朗逸打方向盘时出现异常响声,"D59,H60,",2020-10-12,信息审核
531620,一汽-大众,高尔夫,2016款 1.6L  自动 舒适型,一汽大众高尔夫变速箱换挡机构频繁故障,"B184,",2020-10-12,信息审核
531619,东风日产,骐达TIIDA,2019款 1.6L CVT 智尊版 国Ⅵ,东风日产骐达悬架生锈无人处理解决	,"H79,",2020-10-12,厂家受理
531618,众泰汽车,众泰Z360,2017款 1.6L 手动 畅享版,众泰Z360右前减震器异响 厂家无配件,"G52,",2020-10-12,信息审核
531617,上汽通用五菱,五菱宏光S3,2019款 1.5L 手动 标准型 国VI,上汽通用五菱宏光S3发动机渗油希望处理,"A12,",2020-10-12,信息审核
531615,吉利汽车,远景X6,2020款 1.4T CVT 尊贵型,吉利远景X6正副驾驶玻璃严重晃动,"H72,",2020-10-12,信息审核
531614,东风乘用车,风神AX7,2020款 1.6T 自动 AI领航型 国VI,东风风神AX7车身晃动更换前半轴问题未解决,"G162,",2020-10-12,处理反馈
531611,江铃汽车,域虎5,2019款 2.0T 手动 四驱 进取 国VI 柴油,江铃域虎5发动机经常熄火希望厂家处理,"A14,",2020-10-12,信息审核
531610,广汽乘用车,传祺GS5,2019款 270T 自动 豪华版,广汽传祺GS5车身多处生锈转向异响,"D59,H79,",2020-10-12,信息审核
531609,华晨宝马,宝马X3,2021款 xDrive28i 豪华套装,华晨宝马X3变速箱动力消失无法挂挡,"B20,B96,B334,N318,",2020-10-12,信息审核
531608,长城汽车,长城C30,2013款 1.5L 手动 豪华型,长城C30车身锈穿希望厂家提供维修方案,"H79,",2020-10-12,厂家受理
531607,一汽-大众,速腾,2019款 280TSI DSG 舒适型 国VI,变速箱异响，刹车盘异响，高速行驶方向难操控,"B,C,D,E,",2020-10-12,信息审核
531606,广汽本田,飞度,2014款 1.5L 手动 LX舒适型,广汽本田飞度冷车启动发动机异响,"A9,",2020-10-12,信息审核
531605,一汽红旗,红旗HS5,2019款 2.0T 智联旗享版,一汽红旗HS5发动机烧机油希望处理,"A63,",2020-10-12,信息审核
531603,奇瑞瑞麒,瑞麒G6,2011款 2.0T 自动 豪华型,奇瑞瑞麒G5油箱执行器厂家无配件更换,"N318,",2020-10-12,信息审核
531602,东风日产,轩逸,2020款 改款 1.6L XL CVT 悦享版,东风日产轩逸变速箱故障灯亮挂挡异响,"A34,B33,B96,",2020-10-12,信息审核
531600,广汽三菱,欧蓝德,2019款 2.0L 两驱 畅享版 5座 国VI,广汽三菱欧蓝德冷车时发动机启动困难,"A44,",2020-10-12,厂家受理
531599,东南汽车,东南DX3,2018款 1.5L 手动 旗舰型,东南DX3高速行驶时排气管共振要求解决,"H268,",2020-10-12,信息审核
531597,东风日产,奇骏,2015款 2.0L CVT 舒适MAX版 2WD,东风日产奇骏变速箱损坏导致行驶中失速,"B19,B95,B334,",2020-10-12,信息审核
531595,一汽-大众奥迪,奥迪Q5,2017款 2.0T 40 TFSI 技术型,一汽大众奥迪Q5节温器更换后冷却液泄漏,"A37,",2020-10-12,信息审核
531594,一汽-大众,高尔夫・嘉旅,2018款 280TSI 自动 豪华型,一汽大众高尔夫嘉旅发动机有规律哒哒异响,"A9,",2020-10-12,信息审核
531592,东风日产,奇骏,2019款 2.0L CVT 智联舒适版 5座 2WD,东风日产奇骏发动机加速异响严重,"A9,",2020-10-12,信息审核
531586,一汽-大众奥迪,奥迪A6L,2020款 40 TFSI 豪华动感型,一汽大众奥迪A6L座椅故障希望厂家处理,"H169,",2020-10-12,信息审核
531584,东风标致,标致3008,2016款 1.6THP 自动 经典版,东风标致3008节气门漏油 发动机烧机油,"A12,A63,",2020-10-12,信息审核
531582,一汽-大众,迈腾,2017款 330TSI DSG 豪华型,一汽大众迈腾变速箱处于紧急运行状态,"B20,B96,",2020-10-12,信息审核
531573,上汽大众,途观,2013款 2.0TSI 自动 四驱 豪华版,上汽大众保养操作不规范 粗心大意,"J299,J304,",2020-10-12,信息审核
531568,吉利汽车,远景X3,2017款 1.5L 自动 精英型,吉利远景X3车身生锈 压缩机更换后再次故障,"H79,H101,",2020-10-12,信息审核
531566,上汽大众斯柯达,柯迪亚克,2018款 TSI330 两驱 豪华优享版 5座 改款,斯柯达柯迪亚克车身共振 方向盘抖动,"D80,H268,",2020-10-12,信息审核
531565,一汽-大众,迈腾,2017款 330TSI DSG 领先型,一汽大众迈腾变速箱处于紧急运行模式,"B96,",2020-10-12,信息审核
531563,广汽丰田,汉兰达,2018款 2.0T 两驱 精英版 5座 国VI,广汽丰田汉兰达螺丝发动机盖弹簧生锈,"H79,",2020-10-12,信息审核
531562,广汽本田,凌派,2020款 锐・混动 1.5L 锐・领先版,广汽本田凌派贴膜导致划伤车窗玻璃,"J300,",2020-10-12,信息审核
531561,东风日产,劲客,2017款 1.5L CVT 智领版,东风日产劲客前挡风玻璃胶条老化严重,"H48,",2020-10-12,信息审核
531560,东风雪铁龙,雪铁龙C4L,2013款 1.6THP 自动 劲智版,东风雪铁龙C4L方向盘旷量大希望处理,"D80,",2020-10-12,信息审核
531559,江铃福特,领界,2019款 EcoBoost 145 CVT 铂领型 国VI,江铃福特领界发动机报警 车身生锈 门槛流漆,"A34,H79,H81,",2020-10-12,处理反馈
531552,广汽丰田,凯美瑞,2016款 2.0G 自动 十周年纪念领先版,广汽丰田凯美瑞方向盘掉皮普利司通轮胎裂纹,"F100,H157,",2020-10-12,信息审核
531551,吉利汽车,博瑞,2015款 1.8T 旗舰型,吉利博瑞电子助力转向故障希望处理,"D123,D112,",2020-10-12,信息审核
531550,陆风汽车,陆风X7,2015款 2.0T 全景尊贵版,陆风X7变速箱升挡困难顿挫打滑希望处理,"B19,B20,B246,",2020-10-12,处理反馈
531549,北京现代,悦动,2018款 1.6L 自动 悦目版 GL 国VI,北京现代悦动发动机启动困难希望处理,"A44,",2020-10-12,信息审核
531548,北京现代,悦纳,2016款 1.4L 手动 炫酷版 GLS,北京现代悦纳减震器漏油存在质量问题,"G25,",2020-10-12,信息审核
531537,华晨宝马,宝马3系,2020款 325Li M运动曜夜套装,华晨宝马3系仪表盘黑屏重启也无法点亮,"H202,",2020-10-12,信息审核
531536,上汽大众,朗逸,2017款 1.6L 自动 舒适版,上汽大众朗逸刹车时前轮位置存在异响,"E43,",2020-10-12,信息审核
531529,上汽大众斯柯达,Yeti,2016款 1.4TSI DSG 前行版,斯柯达Yeti变速箱机电控制单元故障导致失速,"B334,B84,",2020-10-12,信息审核
531528,北京现代,途胜,2019款 280TGDi 双离合 两驱 时尚版 国VI,北京现代途胜车漆开裂4S店拒绝维修,"H81,H164,",2020-10-12,信息审核
531523,广汽丰田,凯美瑞,2018款 2.5HG E-CVT 豪华版,广汽丰田凯美瑞空调膨胀阀处漏制冷剂,"H101,",2020-10-12,信息审核
531522,奥迪（进口）,奥迪A7,2016款 50 TFSI quattro 舒适型,进口奥迪A7变速箱故障导致无法挂入倒挡,"B20,",2020-10-12,信息审核
531519,东风标致,标致308,2019款 1.6L 自动 豪华版 国V,东风标致308挡把和座椅表皮脱落 中控异响,"H168,H93,",2020-10-12,信息审核
531512,东风标致,标致308S,2015款 1.2T 自动 劲驰版,东风标致308S行驶过程中后桥有异响,"G158,",2020-10-12,信息审核
531510,众泰汽车,众泰T600 Coupe,2017款 1.5T 自动 尊贵型,众泰T600 Coupe排气歧管破裂希望处理,"H31,N318,",2020-10-12,厂家受理
531509,东风雪铁龙,C4世嘉,2016款 1.6THP 自动 旗舰型,东风雪铁龙C4世嘉方向盘晃动存在安全隐患,"D337,",2020-10-12,信息审核
531504,上汽大众斯柯达,速派,2016款 TSI330 DSG 智行版,斯柯达速派变速箱机电单元故障要求解决,"B84,",2020-10-12,信息审核
531503,一汽-大众,速腾,2018款 280TSI 双离合 舒适型,一汽大众速腾踩油门加速变速箱有异响	,"B33,",2020-10-12,信息审核
531498,华晨宝马,宝马5系,2014款 520Li 典雅型,华晨宝马5系转向异响 方向无助力 故障灯亮	,"D59,D156,D291,",2020-10-12,信息审核
531497,一汽-大众,速腾,2019款 200TSI DSG 舒适型 国VI,一汽大众速腾离合器异响 变速箱顿挫,"B19,C65,",2020-10-12,信息审核
531495,上汽大众,朗逸,2019款 280TSI DSG 舒适版 国VI,上汽大众朗逸蓄电池经常亏电影响正常使用	,"H146,",2020-10-12,信息审核
531494,一汽-大众奥迪,奥迪A6L,2020款 45 TFSI 臻选动感型,一汽大众奥迪A6L冷车启动后车身晃动,"A24,",2020-10-12,信息审核
531493,广汽丰田,雷凌,2019款 双擎 1.8H E-CVT 进取版 国VI,广汽丰田雷凌左前减震器有漏油的现象,"G25,",2020-10-12,信息审核
531492,长安汽车,长安CS55,2017款 1.5T 自动 炫色型,长安CS55四条原厂优科豪马轮胎全部开裂,"F100,",2020-10-12,信息审核
531491,北京现代,名图,2014款 1.8L 自动 智能型,北京现代名图大灯灯眉自然断裂要求解决	,"H168,",2020-10-12,信息审核
531486,东风日产,奇骏,2019款 2.5L CVT 智联领先版 5座 4WD,东风日产奇骏速度120公里/小时车辆抖动,"H268,",2020-10-12,信息审核
531479,长安汽车,长安欧尚X7,2020款 1.5T 手动 豪华型,长安欧尚X7前后保险杠和车身漆面色差明显,"H201,",2020-10-12,信息审核
531476,北汽昌河,昌河北斗星,2018款 1.4L 手动 舒适版,北汽昌河北斗星保修期内雨刮电机损坏无配件,"H60,N318,",2020-10-12,厂家受理
531475,长安马自达,马自达3 昂克赛拉,2020款 2.0L 自动 质炫版,长安马自达昂克赛拉新车普利司通轮胎起皮,"F186,",2020-10-12,处理反馈
531472,上汽大众,帕萨特,2013款 帕萨特 1.8TSI DSG 御尊版,上汽大众帕萨特变速箱机电控制单元出现故障,"B84,",2020-10-12,信息审核
531470,一汽-大众,探岳,2019款 330TSI 两驱 尊贵型 国Ⅵ,一汽大众探岳大灯亮度过低希望免费更换,"H82,",2020-10-12,信息审核
531469,陕汽重卡,德龙,德龙M3000,陕汽德龙M3000发动机机油内存在防冻液,"A191,",2020-10-12,信息审核
531465,北京现代,索纳塔,2020款 380TGDi GS 自动 智享版,北京现代索纳塔发动机异响抖动希望处理,"A9,A24,",2020-10-12,信息审核
531462,华晨宝马,宝马3系,2017款 320Li 时尚型,华晨宝马3系多次提示LIM限速功能失效,"H170,",2020-10-12,信息审核
531458,长安马自达,马自达3 昂克赛拉,2014款 2.0L 自动 运动型 三厢,长安马自达昂克赛拉副驾驶安全带无法收回,"H118,",2020-10-12,处理反馈
531455,一汽-大众奥迪,奥迪Q5L,2018款 40 TFSI 荣享时尚型 国VI,一汽大众奥迪Q5L冷启动抖动 行人保护故障,"A24,H170,",2020-10-12,信息审核
531454,上汽大众,Polo,2016款 1.4L 手动 风尚型,上汽大众Polo经销商维修事故车修出新问题,"J300,",2020-10-12,信息审核
531449,北京现代,索纳塔九,2015款 1.6T 双离合 GLX领先型,北京现代索纳塔九多媒体黑屏影响使用,"H134,",2020-10-12,信息审核
531448,一汽-大众,探岳,2019款 330TSI 四驱 豪华型 国Ⅵ,一汽大众探岳车灯有白雾希望厂家处理问题,"H82,",2020-10-12,信息审核
531445,华泰新能源,华泰EV160R,2017款 标准型,华泰EV160R动力电池故障 服务网点少,"H179,H343,H209,O326,",2020-10-12,信息审核
531444,吉利汽车,帝豪GS,2016款 1.3T 手动 领尚型 优雅版,吉利帝豪GS倒车影像摄像头进水希望解决,"H134,",2020-10-12,处理反馈
531443,一汽-大众奥迪,奥迪A6L,2019款 40 TFSI 豪华动感型,一汽大众奥迪A6L承诺加装无钥匙进入不兑现,"L313,",2020-10-12,信息审核
531441,广汽丰田,YARiS L 致炫,2016款 1.5G CVT 炫动天窗版 改款,广汽丰田致炫方向盘卡滞不回正希望处理,"D123,D154,",2020-10-12,信息审核
531440,上汽大众斯柯达,昊锐,2009款 1.8TSI 自动 优雅版,斯柯达昊锐发动机烧机油十分严重,"A63,",2020-10-12,信息审核
531439,北京现代,瑞纳,2014款 1.4L 手动 时尚型GS 三厢,北京现代瑞纳车身生锈严重希望尽快处理,"H79,",2020-10-12,信息审核
531438,众泰汽车,大迈X5,2017款 1.5T 手动 精英型 升级版,众泰大迈X5三角臂故障导致转向抖动,"G210,",2020-10-12,信息审核
531433,吉利汽车,远景X6,2018款 1.8L 手动 4G互联豪华型,吉利远景X6变速箱啸叫空调压缩机损坏,"B33,H101,",2020-10-12,用户评分
531430,长安汽车,长安CS35,2014款 1.6L 手动 豪华型 国IV,长安CS35车身多处生锈希望厂家处理,"H79,",2020-10-12,信息审核
531428,众泰汽车,众泰T600,2016款 1.5T 手动 精英型,众泰T600车身多处生锈腐蚀希望厂家处理,"H79,",2020-10-12,处理反馈
531426,一汽-大众奥迪,奥迪Q5L,2020款 45 TFSI 尊享时尚型,一汽大众奥迪Q5L变速箱故障灯亮无法提速,"B96,B334,",2020-10-12,信息审核
531425,领克汽车,领克03,2020款 03+ 2.0TD 自动 驭风版,领克03电瓶亏电导致无法启动希望处理,"H146,",2020-10-12,处理反馈
531423,广汽丰田,凯美瑞,2011款 200G 2.0 自动 豪华周年纪念版,广汽丰田凯美瑞中控台老化严重要求解决	,"H176,",2020-10-12,信息审核
531419,北京奔驰,奔驰C级,2018款 C 200 L 运动版,北京奔驰C级四个轮毂出现氧化的现象,"H243,",2020-10-12,信息审核
531418,吉利汽车,博瑞,2015款 2.4L 豪华型,吉利博瑞四个车门和后备箱有生锈的现象,"H79,",2020-10-12,厂家受理
531412,郑州日产,途达,2020款 2.5L XL Upper 4WD 自动 四驱 豪华版,郑州日产途达胎压监测故障 转向异响,"D59,H203,",2020-10-12,信息审核
531411,东风雪铁龙,雪铁龙C5,2014款 1.6THP 自动 尊享型,东风雪铁龙C5节气门故障导致发动机故障灯亮 ,"A34,",2020-10-12,信息审核
531410,奇瑞汽车,艾瑞泽5,2017款 1.5L CVT 豪华版,奇瑞艾瑞泽5故障问题厂家一直未解决,"B96,I295,",2020-10-12,厂家受理
531409,广汽丰田,汉兰达,2018款 2.0T 四驱 尊贵版 7座 国VI,广汽丰田汉兰达油门踏板弹簧异响严重,"H164,",2020-10-12,信息审核
531406,比亚迪,比亚迪G3,2011款 1.5 手动 数智版豪雅型,比亚迪G3车身附件锈蚀易发生安全问题,"H79,",2020-10-12,处理反馈
531404,上汽集团,名爵7,2008款 1.8T 手动 精英型,上汽名爵7工作人员维修操作疏忽大意,"J304,",2020-10-12,厂家受理
531402,上汽大众,桑塔纳,2016款 1.6L 手动 风尚版 三厢,上汽大众桑塔纳行驶中车身异响希望厂家处理,"H15,",2020-10-12,信息审核
531401,上汽集团,名爵3,2011款 1.5 AMT 精英版,上汽名爵3 4S店建议更换免维护型正时链条,"A45,",2020-10-12,厂家受理
531399,汉腾汽车,汉腾X5,2020款 1.5T 手动 智享型 5座,汉腾X5发动机故障灯亮多次维修未解决,"A34,J298,",2020-10-12,信息审核
531397,上汽大众,凌渡,2019款 230TSI DSG 风尚版 国V,上汽大众凌渡变速箱异响有金属碰撞声音,"B33,",2020-10-12,信息审核
531396,奥迪（进口）,奥迪A4（进口）,2019款 45 TFSI allroad quattro 运动型,进口奥迪A4行驶时左前轮异响希望处理,"G125,",2020-10-12,信息审核
531395,东风日产,轩逸,2012款 1.6L XE 手动 舒适版,东风日产轩逸空调滤芯4S店提货拒绝调换,"J304,",2020-10-12,信息审核
531390,一汽丰田,卡罗拉,2019款 双擎 1.8L E-CVT GL-i精英版,一汽丰田卡罗拉底盘进水厂家未回复,"H109,",2020-10-12,信息审核
531389,东风乘用车,奕炫,2020款 230T 自动 炫酷猎弯骑士版,东风风神奕炫车灯起雾希望厂家处理,"H88,",2020-10-12,处理反馈
531386,东风雪铁龙,天逸 C5 AIRCROSS,2017款 380THP 时尚型,东风雪铁龙天逸C5 AIRCROSS后视镜异响,"H211,",2020-10-12,信息审核
531385,北京越野,北京BJ40,2018款 PLUS 2.3T 自动 四驱 尊享版 国V,北京BJ40零件生产日期比整车出厂日期晚,"M284,",2020-10-12,信息审核
531382,吉利汽车,帝豪GS,2016款 1.8L 自动 领尚型 运动版,吉利帝豪GS车门生锈 漆面起鼓质量差,"H79,H81,",2020-10-12,处理反馈
531381,广汽丰田,凯美瑞,2019款 2.5G 豪华版 国VI,广汽丰田凯美瑞天窗异响存在质量问题,"H89,",2020-10-12,信息审核
531380,长城汽车,风骏7,2019款 2.0T 柴油 两驱 精英型 国VI 小双 4D20M,长城风骏7车门异响 蓝牙连不上 涡轮异响,"A189,H72,H155,",2020-10-12,厂家受理
531379,比亚迪,速锐,2014款 1.5TID 自动 豪华型,比亚迪速锐变速箱异响顿挫希望处理,"B33,B19,",2020-10-12,处理反馈
531377,一汽-大众奥迪,奥迪A4L,2020款 40 TFSI 时尚动感型,一汽大众奥迪A4L发动机启停失灵,"A34,H263,",2020-10-12,信息审核
531372,北京现代,领动,2019款 1.4T 双离合 炫动・活力型,北京现代领动刹车异响存在质量问题,"E43,",2020-10-12,信息审核
531367,广汽丰田,雷凌,2019款 185T CVT 豪华版 国VI,广汽丰田雷凌起步时转向异响 车门异响,"D59,H72,",2020-10-12,信息审核
531364,长安汽车,逸动DT,2019款 1.6L 自动 智享型 国VI,长安逸动DT车身材料硬度差 安全性能差,"Q322,",2020-10-12,厂家受理
531362,北京现代,领动,2018款 1.4T 双离合 炫动・活力型,北京现代领动更换增压器拉杆后异响未解决,"A9,A189,",2020-10-12,信息审核
531360,北京现代,领动,2019款 1.4T 双离合 炫动・活力型,北京现代领动经销商出售喷过漆的问题车,"M284,",2020-10-12,信息审核
531359,上汽大众,途安,2016款 途安L 280TSI 自动 舒雅版,上汽大众途安发动机故障灯亮质保期未解决,"A34,",2020-10-12,信息审核
531358,奇瑞汽车,艾瑞泽5,2016款 1.5L CVT 领锐版,奇瑞艾瑞泽5减震器异响存在质量问题,"G52,",2020-10-12,处理反馈
531352,天津一汽,骏派D60,2016款 1.5L 手动 尊贵型,天津一汽骏派D60车门腐蚀严重 方向机异响,"D59,H79,",2020-10-12,信息审核
531350,奇瑞捷豹路虎,捷豹XEL,2020款 2.0T 200PS R-DYNAMIC S进取运动版,奇瑞捷豹路虎XEL发动机怠速抖动噪音大,"A24,A38,B19,H134,H164,",2020-10-12,信息审核
531349,上汽大众,朗逸,2019款 1.5L 自动 视野版 国VI,上汽大众朗逸发动机缺缸 变速箱有异响,"A163,B33,",2020-10-12,处理反馈
531348,广汽丰田,凯美瑞,2010款 240G 2.4 自动 豪华版,广汽丰田凯美瑞仪表台老化发粘无法使用,"H176,",2020-10-12,信息审核
531342,广汽丰田,YARiS L 致炫,2020款 致炫X 1.5L CVT 领先版,广汽丰田致炫新车发动机热车后异响,"A9,",2020-10-12,信息审核
531339,东风小康,风光330,2014款 1.5L 标准型,东风风光330两边侧梁全部高度生锈腐烂,"H79,",2020-10-12,处理反馈
531338,东风小康,小康D55,东风牌Dxk5031ccYkFL,东风小康D55差速器齿轮损坏行驶中突然熄火,"A14,G127,",2020-10-12,信息审核
531337,雷克萨斯,雷克萨斯RX,2020款 300 两驱 舒适版 国VI,雷克萨斯RX经销商没有履行告知义务,"K308,",2020-10-12,厂家受理
531334,一汽-大众,探岳,2020款 330TSI 两驱 豪华智联版,一汽大众探岳刹车异响 大灯融化希望处理,"E43,H220,",2020-10-11,处理反馈
531332,华晨宝马,宝马X1,2019款 sDrive20Li 领先型,华晨宝马X1左后轮处异响严重希望处理,"G125,",2020-10-11,信息审核
531326,北京奔驰,奔驰C级,2021款 C 200 L 时尚型运动版,北京奔驰C级新车尾箱盖螺丝有拧动痕迹,"M284,",2020-10-11,信息审核
531325,东风雪铁龙,雪铁龙C4L,2013款 1.6THP 自动 劲智版,东风雪铁龙C4L方向盘上下晃动影响安全驾驶,"D337,",2020-10-11,信息审核
531324,吉利汽车,博瑞,2015款 1.8T 尊贵型,吉利博瑞冷车启动发动机出现异响,"A9,",2020-10-11,处理反馈
531322,广汽三菱,劲炫ASX,2020款 1.6L 手动 锋尚版,广汽三菱劲炫ASX承诺的置换补贴一直未兑现,"L313,",2020-10-11,厂家受理
531321,奇瑞汽车,瑞虎7,2020款 1.6T DCT 型 PRO,奇瑞瑞虎7减震器过硬刹车踏板有异响,"E43,G52,G171,",2020-10-11,处理反馈
531318,北京奔驰,奔驰C级,2020款 C 260 L 运动版,北京奔驰C级发动机抖动而且故障灯亮,"A24,A34,",2020-10-11,信息审核
531314,华晨宝马,宝马X1,2018款 sDrive18Li 时尚型,华晨宝马X1前轮刹车片偏磨严重4S店不保修,"E47,",2020-10-11,信息审核
531312,东风日产,骐达TIIDA,2011款 1.6 CVT 智能版 新骐达,东风日产骐达4S店售后服务态度恶劣,"I293,",2020-10-11,用户评分
531310,国金汽车,国金GM3,2018款 C型,国金GM3行驶过程中突然失去动力,"A255,",2020-10-11,信息审核
531308,北京奔驰,奔驰GLA,2018款 200 时尚型,北京奔驰GLA空调系统没有暖风要求处理,"H101,",2020-10-11,信息审核
531306,吉利汽车,帝豪GS,2018款 1.4T 自动 领潮版 尊尚智联型,吉利帝豪GS仪表盘显示前方雷达受限,"H289,",2020-10-11,处理反馈
531302,一汽丰田,RAV4荣放,2020款 2.0L CVT 两驱 风尚版,一汽丰田RAV4荣放发动机舱内进入泥浆,"Q322,",2020-10-11,信息审核
531301,上汽大众,途观,2012款 1.8TSI 自动 四驱 菁英版,上汽大众途观发动机气门弹簧断裂导致抖动,"A24,A34,A251,",2020-10-11,处理反馈
531299,上汽大众,途安,2015款 1.4T 自动 舒适版 5座,上汽大众途安仪表盘显示发动机防盗锁定,"H23,J306,",2020-10-11,处理反馈
531297,长安汽车,长安CS55,2018款 1.5T 自动 炫色型 国V,长安CS55车内异味后备箱和车身多处生锈,"H79,H185,",2020-10-11,厂家受理
531296,比亚迪,比亚迪S6,2013款 劲悦版 2.0L 手动 精英型 5座,比亚迪S6车身漆面起泡开裂希望处理,"H81,",2020-10-11,处理反馈
531295,东风本田,本田CR-V,2019款 耀目版 240TURBO CVT 两驱 舒适版 国VI,东风本田CR-V高速行驶刹车失灵存在安全隐患,"E29,",2020-10-11,用户评分
531291,一汽-大众,速腾,2020款 280TSI DSG 舒适型 国VI,一汽大众速腾变速箱异响顿挫希望厂家处理,"B33,B19,",2020-10-11,信息审核
531290,广汽本田,飞度,2014款 1.5L CVT LX舒适型,广汽本田飞度冷车启动时发动机异响,"A9,",2020-10-11,信息审核
531287,上汽大众,途观L,2019款 330TSI 自动 两驱 全景舒适版 国VI,上汽大众途观L经销商赠送保养未兑现,"L313,",2020-10-11,信息审核
531283,北京现代,现代ix35,2020款 2.0L 自动 两驱 智勇・畅享版,北京现代ix35车灯起雾维修未解决问题,"H88,",2020-10-11,信息审核
531278,广汽丰田,雷凌,2019款 185T CVT 豪华版 国VI,广汽丰田雷凌设计缺陷发动机舱内进泥沙,"Q322,",2020-10-11,信息审核
531277,一汽丰田,RAV4荣放,2019款 2.0L CVT 两驱 先锋版 国VI,一汽丰田RAV4荣放中控异响影响驾驶体验,"H93,",2020-10-11,信息审核
531274,上汽大众,朗逸,2019款 1.5L 自动 舒适版 国VI,上汽大众朗逸车身C柱异响希望厂家处理,"H15,",2020-10-11,用户评分
531272,一汽-大众,宝来,2020款 1.5L 自动 舒适型,一汽大众宝来刹车异响希望厂家处理,"E43,",2020-10-11,处理反馈
531271,上汽大众,途昂,2020款 380TSI 四驱 舒适版 国VI,上汽大众途昂前悬挂异响维修无配件,"G204,N318,",2020-10-11,处理反馈
531268,上汽大众,途观L,2020款 330TSI 自动 两驱 全景舒适版 国VI,上汽大众途观L变速箱异响漆面龟裂,"B33,H81,",2020-10-11,处理反馈
531267,奇瑞汽车,瑞虎5x,2019款 HERO 1.5L CVT 时尚版,奇瑞瑞虎5x变速箱顿挫维修未解决问题,"B19,",2020-10-11,处理反馈
531265,众泰汽车,众泰T600,2016款 1.5T 手动 精英型,众泰T600发动机正时链条拉长故障灯亮,"A34,A45,",2020-10-11,处理反馈
531259,上汽大众,途岳,2019款 280TSI 两驱 风尚版 国V,上汽大众途岳前雨刮器异响希望厂家处理,"H60,",2020-10-11,处理反馈
531258,广汽本田,奥德赛,2007款 2.4 标准版,广汽本田奥德赛4S店维修后车窗漏水,"J300,",2020-10-11,处理反馈
531252,上汽大众,途安,2011款 1.4TSI DSG 智臻版 5座,上汽大众途安变速箱失去动力多次维修未解决,"B334,J298,",2020-10-11,处理反馈
531249,东风小康,风光370,2018款 1.5L CVT 豪华型 7座 S370,东风风光370车身共振抖动希望处理,"H268,",2020-10-11,处理反馈
531247,东风日产,轩逸,2019款 1.6XE+ CVT 智联豪华版 经典,东风日产轩逸电瓶漏液要求尽快处理,"H146,",2020-10-11,处理反馈
531246,一汽-大众奥迪,奥迪A4L,2015款 quattro 2.0T 双离合 个性运动型,一汽大众奥迪A4L双离合飞轮异响,"B33,",2020-10-11,信息审核
531241,北京现代,领动,2018款 1.4T 双离合 炫动・活力型,北京现代领动变速箱换挡异响抖动,"B33,B95,",2020-10-11,信息审核
531240,Jeep（进口）,指南者（进口）,2014款 2.4L 自动 四驱 舒适版 改款,进口Jeep指南者车内异味严重影响健康	,"H185,",2020-10-11,厂家受理
531238,上汽大众斯柯达,速派,2016款 TSI330 DSG 创行版,斯柯达速派变速器故障不能挂倒挡,"B20,B115,",2020-10-11,处理反馈
531235,吉利汽车,帝豪GS,2016款 1.3T 自动 臻尚型 优雅版,吉利帝豪GS变速箱异响顿挫 减震漏油,"B33,B19,G25,H79,",2020-10-11,处理反馈
531228,一汽-大众,宝来,2018款 1.5L 手动 时尚型,一汽大众宝来变速箱故障维修方案不一致,"B22,",2020-10-11,处理反馈
531226,东风日产,骐达TIIDA,2021款 1.6L CVT 智行版,东风日产骐达电瓶亏电导致无法启动,"H146,",2020-10-11,用户评分
531225,东风本田,本田XR-V,2020款 220 TURBO CVT 豪华版,东风本田XR-V变速箱漏油存在质量问题,"B33,",2020-10-11,处理反馈
531221,一汽丰田,卡罗拉,2017款 1.2T S-CVT GL-i 改款,一汽丰田卡罗拉变速箱低速顿挫异响,"B33,B19,",2020-10-11,信息审核
531219,Jeep（进口）,指南者（进口）,2015款 2.0L 两驱 运动版,Jeep指南者车内异味严重要求厂家召回,"H185,",2020-10-11,厂家受理
531218,开瑞汽车,优优EV,2018款 40kWh磷酸铁锂动力电池组车型,开瑞优优EV动力电池续航里程下降,"H343,",2020-10-11,厂家受理
531217,北京越野,北京BJ20,2016款 1.5T CVT 尊贵型,北京BJ20转向横拉杆故障多次要求解决,"D106,J298,N317,",2020-10-11,处理反馈
531216,海马汽车,海马S5,2017款 1.5T CVT 旗舰型 强动力版,海马S5变速箱无法加速出现大量铁屑,"B334,B77,",2020-10-11,信息审核
531215,一汽-大众,迈腾,2017款 280TSI DSG 领先型,一汽大众迈腾变速箱异响4S店态度恶劣,"B33,",2020-10-11,处理反馈
531210,东风标致,标致408,2014款 1.8L 自动 豪华版,东风标致408后桥和车门异响要求厂家解决,"G158,H72,",2020-10-11,信息审核
531209,长安马自达,马自达3 昂克赛拉,2016款 1.5L 手动 舒适型 三厢,长安马自达昂克赛拉安全带无法自动收回,"H118,I297,",2020-10-11,处理反馈
531205,吉利汽车,缤瑞,2018款 14T CVT 缤致版,吉利缤瑞右侧日间行车灯不亮4S店不予保修,"H82,I297,",2020-10-11,处理反馈
531202,广汽丰田,凯美瑞,2006款 240G 2.4 自动,广汽丰田凯美瑞仪表盘开裂粘手气味难闻,"H176,",2020-10-11,信息审核
531200,北京现代,途胜,2018款 1.6T 双离合 两驱 15周年特别版,北京现代途胜堵车时起步车辆抖动严重,"C87,",2020-10-11,信息审核
531196,北京奔驰,奔驰C级,2021款 C 260 L 运动版,北京奔驰C级新车保险杠螺丝有明显拧过痕迹,"M284,",2020-10-11,信息审核
531194,上汽大众斯柯达,速派,2016款 TSI280 DSG 创行版,斯柯达速派变速箱故障灯亮4S店不予保修,"B96,I295,I294,",2020-10-11,处理反馈
531192,长安汽车,奔奔EV,2017款 180公里 标准型,长安奔奔EV动力电池故障4S店销售问题车辆,"H343,M284,",2020-10-11,信息审核
531190,上汽通用五菱,五菱荣光V,2019款 1.5L 标准型 国VI LAR,五菱荣光V行驶中传动轴噪音大 减配严重,"G127,Q350,",2020-10-11,信息审核
531189,上汽通用五菱,五菱宏光,2013款 1.5L 舒适型L2B,上汽通用五菱宏光车身生锈车漆起泡脱落,"H79,H81,I294,",2020-10-11,信息审核
531188,一汽-大众奥迪,奥迪Q2L,2020款 35TFSI 时尚动感型,一汽大众奥迪Q2L发动机故障灯亮4S店不解决,"A34,I295,J298,",2020-10-11,信息审核
531186,东风风行,风行T5L,2019款 1.6TD DCT 旗舰型 7座,东风风行T5L新车发动机故障灯亮,"A34,",2020-10-11,处理反馈
531179,众泰汽车,云100,2014款 云100 舒适型,众泰云100动力电池故障厂家无配件,"H343,N318,",2020-10-11,信息审核
531177,吉利汽车,经典帝豪,2013款 1.5L 手动 进取型 三厢,吉利经典帝豪怠速时状态下无法换挡,"B20,",2020-10-11,处理反馈
531176,东风悦达起亚,起亚KX5,2016款 1.6T 自动 两驱DLX,东风悦达起亚K5空调压缩机故障制冷效果差,"H101,",2020-10-11,信息审核
531175,上汽大众,途安,2016款 途安L 280TSI 自动 舒适版,上汽大众途安低速行驶变速箱异响,"A9,",2020-10-11,处理反馈
531162,一汽-大众,宝来,2015款 1.6L 手动 舒适型 质惠版,一汽大众宝来撞击后气囊未弹开,"H55,",2020-10-11,处理反馈
531159,东风日产,轩逸,2016款 1.6XE CVT 舒适版,东风日产轩逸变速箱出现P0846故障码,"B96,",2020-10-11,处理反馈
531155,一汽-大众,速腾,2019款 280TSI DSG 舒适型 国V,一汽大众速腾高速时突然失去动力,"A34,",2020-10-11,处理反馈
531150,奇瑞汽车,艾瑞泽5,2019款 1.5L CVT 新自在版 国VI,奇瑞艾瑞泽5换挡顿挫 发动机抖动,"A24,B19,",2020-10-11,处理反馈
531148,长安汽车,长安UNI-T,2020款 1.5T 旗舰型,长安UNI-T发动机异响车机卡死空调制冷差,"A9,H101,H155,",2020-10-11,信息审核
531147,猎豹汽车,猎豹CS9,2017款 1.5L 手动 精英型,猎豹CS9发动机高温存在严重质量问题,"A191,",2020-10-11,信息审核
531145,一汽大众,捷达VS5,2020款 280TSI 自动 三十而立版,捷达VS5后备箱异响严重要求给予解决,"H15,",2020-10-11,信息审核
531142,长安马自达,马自达3 昂克赛拉,2020款 2.0L 自动 质雅版,长安马自达昂克赛拉车身漆面多处掉漆,"H81,",2020-10-11,处理反馈
531140,东风标致,标致408,2014款 1.8L 自动 豪华版,东风标致408汽油箱缺陷导致故障灯亮,"H271,",2020-10-11,信息审核
531135,北京现代,现代ix35,2012款 2.0L 自动 两驱 精英版 GLS,北京现代ix35发动机烧机油拉缸希望厂家处理,"A63,A329,",2020-10-11,信息审核
531133,BEIJING汽车,绅宝X35,2016款 1.5L 自动 精英版,北汽绅宝X35还清贷款后车辆登记证书缺失,"O353,",2020-10-11,处理反馈
531128,北京现代,名图,2014款 1.8L 自动 尊贵型,北京现代名图直线行驶打方向卡顿,"D123,",2020-10-11,信息审核
531127,BEIJING汽车,BEIJING-EX5,2019款 悦尚版,BEIJING-EX5经销商屡次失信不予换车,"L314,",2020-10-11,处理反馈
531126,江铃集团新能源,江铃E200L,2018款 E200L 标准型（250KM）,江铃新能源E200动力电池故障希望厂家处理,"H343,",2020-10-11,处理反馈
531124,长安汽车,锐程CC,2021款 蓝鲸版 1.5T DCT 尊贵型,长安锐程CC车载行车记录仪无法使用,"H170,",2020-10-11,信息审核
531123,长安汽车,长安CS75 PHEV,2020款 1.5T PHEV 精英型,长安CS75 PHEV发动机故障灯亮 自动熄火,"A34,A14,J298,",2020-10-11,信息审核
531122,比亚迪,比亚迪S6,2011款 2.0 手动 尊贵型,比亚迪车身共振明显4S店多次维修未解决,"H268,J298,",2020-10-11,处理反馈
531120,北京现代,领动,2020款 1.4T 双离合 炫动・活力型,北京现代领动变速箱异响要求厂家解决,"B33,",2020-10-11,信息审核
531119,奇瑞汽车,艾瑞泽GX,2019款 1.5T 自动 新劲色版 国V,奇瑞艾瑞泽GX低速变速箱顿挫严重,"B19,",2020-10-11,处理反馈
531117,东风日产,轩逸,2018款 1.6XV CVT 尊享版,东风日产轩逸空调压缩机在高温天气下异响,"H101,",2020-10-11,处理反馈
531112,东风日产,轩逸,2012款 1.6L XE 手动 舒适版 经典,东风日产轩逸发动机漏防冻液维修未解决,"A37,",2020-10-11,处理反馈
531109,东风日产,轩逸,2021款 1.6L XL CVT 悦享版,东风日产轩逸新车电瓶亏电配件未到货,"H146,",2020-10-11,处理反馈
531105,广汽本田,飞度,2004款 两厢飞度 1.5 AT CVT,广汽本田飞度变速箱顿挫加速无力,"B19,B334,",2020-10-11,处理反馈
531100,华晨中华,中华H3,2017款 1.5L 自动 豪华型,华晨中华H3游丝损坏厂家不提供配件,"D59,N318,",2020-10-11,信息审核
531093,东风本田,本田CR-V,2017款 2.0L 净驰版 混动,东风本田CR-V扶手箱异响 后轮胎内侧磨埙,"G245,H164,",2020-10-11,处理反馈
531092,上汽大众斯柯达,速派,2018款 TSI280 DSG 舒适版 国V,斯柯达速派天窗异响 后备箱异响,"H89,H68,",2020-10-11,处理反馈
531088,一汽大众,捷达VS5,2019款 280TSI 自动 悦享型,一汽大众捷达VS5轮毂开裂要求更换,"H243,",2020-10-11,信息审核
531087,北汽昌河,昌河Q35,2018款 1.5L 手动 炫酷版,北汽昌河Q35引擎盖和车门车漆脱落,"H81,",2020-10-11,厂家受理
531086,江淮汽车,悦悦,2011款 1.0 豪华型,江淮悦悦车身以及底盘严重生锈,"H79,",2020-10-11,用户评分
531082,一汽-大众,宝来,2020款 1.5L 自动 时尚型,一汽大众宝来新车大灯起雾4S店拒绝索赔,"H88,",2020-10-11,处理反馈
531080,吉利汽车,远景X3,2017款 1.5L 手动 精英型,吉利远景X3后备箱生锈表面车漆开裂,"H79,H81,",2020-10-11,处理反馈
531075,一汽-大众,迈腾,2020款 330TSI DSG 豪华型,一汽大众迈腾发动机漏油要求厂家解决问题,"A12,",2020-10-11,处理反馈
531073,众泰汽车,众泰T500,2018款 1.5T 手动 尊享型 6座,众泰T500转向机有异响厂家无配件,"D59,I295,N318,",2020-10-11,信息审核
531072,上汽大众,帕萨特,2017款 330TSI 御尊版,上汽大众帕萨特变速箱机电单元故障,"B115,",2020-10-11,处理反馈
531067,广汽三菱,欧蓝德,2016款 2.4L 四驱精英版 5座,三菱欧蓝德底盘和座椅靠背生锈严重,"G180,H79,",2020-10-11,厂家受理
531066,吉利汽车,帝豪GL,2018款 1.4T 自动 尊贵智联型,吉利帝豪GL变速箱异响 发动机功率不足,"A163,B33,",2020-10-11,处理反馈
531065,东风标致,标致3008,2013款 1.6T 自动 THP至尚版,东风标致3008高压油泵故障厂家拒绝索赔,"H78,I297,",2020-10-11,信息审核
531062,东风标致,标致408,2014款 1.8L 自动 豪华版,东风标致408发动机烧机油 减震漏油,"A63,G25,H146,",2020-10-11,信息审核
531060,一汽-大众,速腾,2018款 1.6L 自动 舒适型,一汽大众速腾佳通轮胎开裂 刹车异响,"E43,F100,",2020-10-11,处理反馈
531058,东风日产,骐达TIIDA,2016款 1.6L CVT 智行版,东风日产骐达刹车失灵4S店服务态度恶劣,"E29,I295,I293,",2020-10-11,处理反馈
531054,新特汽车,SITECH DEV 1,2018款 创睿版,新特SITECH DEV 1配件无货4S店无法解决,"N318,",2020-10-11,信息审核
531053,一汽-大众,宝来,2020款 1.5L 自动 精英型,一汽大众宝来发动机故障灯亮怠速不稳,"A34,A35,H101,H21,",2020-10-11,处理反馈
531051,东风标致,标致408,2013款 2.0 自动 豪华版,东风标致408车内异味严重甲醛超标,"H185,",2020-10-11,信息审核
531048,华晨宝马,宝马X1,2018款 sDrive18Li 尊享型,华晨宝马X1发动机故障灯亮4S店多次维修,"A34,N317,",2020-10-11,信息审核
531047,一汽-大众,迈腾,2020款 330TSI DSG 领先型,一汽大众迈腾倒车影像无法显示4S店多次维修,"H134,J298,",2020-10-11,处理反馈
531042,上汽大众,凌渡,2015款 280TSI DSG 舒适版,上汽大众凌渡变速箱换挡机构故障,"B184,",2020-10-11,处理反馈
531041,康迪电动汽车集团,全球鹰K12,2016款 K12,全球鹰K12购车后无法过户无人解决,"L313,",2020-10-11,信息审核
531040,东风日产,轩逸,2020款 1.6L XL CVT 悦享版,东风日产轩逸新车发动机启停和变速箱故障,"B96,H263,",2020-10-11,处理反馈
531039,奇瑞汽车,捷途X70S,2019款 1.5T 自动 探途版 国V,捷途X70S质保期内仪表台开裂不予更换,"H176,",2020-10-11,处理反馈
531035,上汽大众,帕萨特,2019款 330TSI 精英版 国VI,上汽大众帕萨特高速行驶中天窗碎裂,"H113,",2020-10-11,处理反馈
531032,广汽丰田,雷凌,2021款 185T CVT 运动版,广汽丰田雷凌4S店销售收取服务费和出库费,"K307,",2020-10-11,信息审核
531030,一汽-大众,高尔夫・嘉旅,2016款 230TSI 自动 进取型,一汽大众高尔夫嘉旅右前门车窗无法关闭,"H67,",2020-10-11,处理反馈
531024,一汽丰田,亚洲龙,2019款 双擎 2.5L 豪华版 国Ⅵ,一汽丰田亚洲龙起步时左前刹车异响,"E43,",2020-10-11,信息审核
531023,东风雪铁龙,雪铁龙C4L,2014款 1.8L 自动 智驱版 劲享型,东风雪铁龙C4L方向盘晃动厂家不处理,"D337,",2020-10-11,信息审核
531020,广汽三菱,劲炫ASX,2016款 1.6L 手动 两驱先锋版,广汽三菱劲炫ASX导航发烫 倒车影像模糊,"H134,",2020-10-11,厂家受理
531018,奇瑞汽车,瑞虎5x,2019款 HERO 1.5L CVT 时尚版,奇瑞瑞虎5x新车3000公里发动机故障灯亮,"A34,",2020-10-11,处理反馈
531015,广汽本田,雅阁,2016款 2.4L CVT 智睿版,广汽本田雅阁两侧日间行车灯不亮,"H82,",2020-10-11,处理反馈
531014,汉腾汽车,汉腾X5,2018款 1.5T CVT 豪华版,汉腾X5刹车开关损坏启动困难厂家不处理,"E62,",2020-10-11,信息审核
531012,上汽通用五菱,宝骏310,2016款 1.2L 手动 舒适型,宝骏310前减震器异响车门生锈4S店不保修,"G52,H79,",2020-10-11,处理反馈
531009,东风日产,天籁,2020款 2.0L XL 舒适版,东风日产天籁经销商出售展车未告知消费者,"M284,",2020-10-11,处理反馈
531008,吉利汽车,帝豪GS,2016款 1.3T 自动 领尚型 优雅版,吉利帝豪GS变速箱异响顿挫高速不换挡,"B33,B19,B20,B95,",2020-10-11,处理反馈
531006,陆风汽车,陆风X7,2015款 2.0T 全景尊享版,陆风X7变速箱无法换挡发动机故障灯亮,"A34,B20,",2020-10-11,处理反馈
531005,长安铃木,天语SX4,2011款 1.6L 手动 灵动型 改款,铃木天语SX4发动机怠速抖动要求厂家解决,"A24,A35,",2020-10-11,信息审核
531004,东风标致,标致408,2015款 1.2T 自动 豪华版,东风标致408更换皮带后发动机烧机油严重,"A63,",2020-10-11,信息审核
531003,上汽大众,辉昂,2018款 380TSI 两驱 商务版 改款,上汽大众辉昂变速箱更换后再次异响,"B33,J298,",2020-10-11,处理反馈
531001,上汽通用五菱,五菱荣光小卡,2017款 1.5L 基本型 双排 L3C,五菱荣光小卡玲珑轮胎变形要求解决,"F138,",2020-10-11,处理反馈
530998,上汽大众,途观L,2020款 330TSI 自动 两驱 智动豪华版 国VI,上汽大众途观L经销商销售库存车辆,"M283,",2020-10-11,处理反馈
530992,东风本田,本田XR-V,2020款 1.5L CVT 舒适版,东风本田XR-V燃油泵故障车辆无法启动,"H78,",2020-10-11,处理反馈
530990,华晨宝马,宝马3系,2020款 325Li M运动曜夜套装,华晨宝马3系发动机和变速箱漏油严重,"A12,B22,",2020-10-11,信息审核
530988,广汽丰田,雷凌,2019款 185T CVT 豪华版 国VI,广汽丰田雷凌车身色差严重4S店不予解决,"H201,I295,",2020-10-11,信息审核
530986,东风日产,骐达TIIDA,2021款 1.6L CVT 智行版,东风日产骐达电瓶亏电车辆无法启动,"H146,",2020-10-11,处理反馈
530983,东风日产,天籁,2019款 2.0T XL Upper 智享版,东风日产天籁车门和A柱异响4S店不予解决,"H72,H15,I295,",2020-10-11,处理反馈
530978,长城汽车,长城M4,2012款 1.5 手动 两驱 豪华型,长城M4车身多处生锈要求厂家给予解决,"H79,",2020-10-11,厂家受理
530976,长城汽车,欧拉黑猫,2019款 亲子版 351km,欧拉黑猫尊享服务需要续费才能继续使用,"K307,",2020-10-11,厂家受理
530975,汕德卡,G7,重型半挂牵引车,汕德卡G7变速箱漏油 三角轮胎鼓包,"B22,F39,",2020-10-11,信息审核
530974,上汽通用五菱,新宝骏RS-3,2020款 1.5T CVT 智能豪华型,新宝骏RS-3远程控制功能无法正常使用,"H155,",2020-10-11,处理反馈
530973,东风日产,楼兰,2016款 2.5 四驱 混动尊贵版 S/C HEV XL,东风日产楼兰变速箱故障行驶中转向助力消失,"B96,D156,",2020-10-11,处理反馈
530970,广汽三菱,欧蓝德,2016款 2.4L 四驱精英版 5座,广汽三菱欧蓝德车内异响变速箱抖动,"B33,B95,",2020-10-11,厂家受理
530968,江铃福特,领界,2019款 EcoBoost 145 CVT 铂领型 国VI,江铃福特领界日间行车灯不亮4S店不予保修,"H82,I297,",2020-10-11,处理反馈
530966,华晨中华,中华H230EV,2017款 豪华型,中华H230EV动力电池故障车辆无法启动,"H343,",2020-10-11,信息审核
530964,众泰汽车,众泰E200,2018款 Pro,众泰E200充电故障厂家关闭售后服务,"H340,L314,O326,",2020-10-11,信息审核
530963,一汽-大众,T-ROC探歌,2018款 280TSI DSG 两驱 舒适型 国V,一汽大众T-ROC探歌大灯亮度不足要求处理,"H82,",2020-10-11,处理反馈
530956,东风标致,标致3008,2015款 1.6THP 自动 至尚版,东风标致3008电子节温器故障要求解决,"A34,A191,J298,",2020-10-11,信息审核
530953,一汽-大众奥迪,奥迪Q5L,2020款 45 TFSI 尊享时尚型,一汽大众奥迪Q5L行驶中转向卡滞刹车失灵,"D123,E29,",2020-10-10,信息审核
530952,广汽丰田,雷凌,2017款 185T CVT 精英版 国V 改款,广汽丰田雷凌低速变速箱顿挫4S店不解决,"B19,",2020-10-10,信息审核
530951,吉利汽车,缤瑞,2018款 14T CVT 缤致版,吉利缤瑞发动机噪音大加速时油门反应迟钝,"A38,A11,H164,",2020-10-10,处理反馈
530950,广汽丰田,雷凌双擎E+,2019款 1.8PH V E-CVT 豪华版,广汽丰田雷凌双擎E+发动机舱异响 油耗高,"A9,A85,H340,",2020-10-10,信息审核
530947,奇瑞汽车,瑞虎7,2016款 2.0L CVT 耀目版,奇瑞瑞虎7发动机高速自动熄火无法启动,"A14,A44,",2020-10-10,处理反馈
530943,上汽大众,途昂,2020款 380TSI 四驱 旗舰版 国VI,上汽大众途昂行驶中发动机突然熄火,"A14,",2020-10-10,处理反馈
530941,长安汽车,长安欧尚X70A,2020款 1.5L 手动 基本型,长安欧尚X70A换挡时离合器异响要求解决,"G127,",2020-10-10,信息审核
530934,BEIJING汽车,BEIJING-X7,2020款 1.5TD DCT 致潮版,BEIJING X7车顶异响方向盘松动要求解决,"D337,H15,H155,",2020-10-10,处理反馈
530933,上汽大众斯柯达,Yeti,2016款 1.4TSI DSG 前行版,斯柯达Yeti车内异味严重要求厂家解决,"H185,",2020-10-10,处理反馈
530928,北京现代,现代ix35,2020款 2.0L 自动 两驱 智勇・畅享版,北京现代ix35经销商强制销售保险收取手续费,"K307,K325,",2020-10-10,信息审核
530924,奇瑞汽车,艾瑞泽GX,2019款 1.5T 自动 新型色版 国VI,奇瑞艾瑞泽GX两后尾灯出现裂纹4S店不保修,"H220,I297,",2020-10-10,用户评分
530923,一汽-大众,速腾,2018款 1.6L 手动 舒适型,一汽大众速腾高速行驶转向卡滞要求解决,"D123,",2020-10-10,处理反馈
530915,东风悦达起亚,智跑,2015款 2.0L 自动 两驱版DLX 5座,起亚智跑仪表盘开裂4S店不予保修,"H168,I297,",2020-10-10,信息审核
530912,一汽-大众,速腾,2018款 180TSI 双离合 臻享版,一汽大众速腾车辆贷款还清4S店不返还手续,"O353,",2020-10-10,处理反馈
530908,上汽大众,途岳,2020款 280TSI 两驱 舒适版 国VI,上汽大众途岳坡道辅助功能确缺失大灯进水,"G56,H67,H88,H60,H157,M279,",2020-10-10,处理反馈
530906,奇瑞汽车,艾瑞泽5,2017款 1.5L 手动 领潮版,奇瑞奇瑞泽5引擎盖生锈车身生锈,"H79,",2020-10-10,用户评分
530903,华晨中华,中华V6,2018款 1.5T 手动 尊贵型,华晨中华V6方向盘异响 抖动 卡滞,"D59,D123,",2020-10-10,信息审核
530900,广汽本田,冠道,2017款 240TURBO CVT 两驱 舒享版,广汽本田冠道车门密封条老化脱落,"H48,",2020-10-10,处理反馈
530899,东风悦达起亚,智跑,2019款 2.0L 自动 智享豪华版,东风悦达起亚智跑前大灯罩内起雾,"H88,",2020-10-10,信息审核
530898,北京现代,索纳塔,2020款 380TGDi GS 自动 智享版,北京现代索纳塔发动机异响抖动故障灯亮,"A9,A24,A34,",2020-10-10,信息审核
530897,广汽乘用车,传祺GA6,2019款 270T 自动 尊享版,广汽传祺GA6启动延迟维修后未解决,"A44,",2020-10-10,处理反馈
530895,广汽本田,雅阁,2018款 2.0L 锐领版 锐・混动 国VI,广汽本田雅阁机油尺出现绿色防冻液,"A191,",2020-10-10,用户评分
530894,北京现代,领动,2016款 1.6L 自动 智炫・精英型,北京现代领动左出风口亮条掉色断裂,"H168,",2020-10-10,信息审核
530890,北京现代,途胜,2020款 280TGDi 双离合 两驱 智联版 国VI,北京现代途胜变速箱异响升级后未解决,"B33,",2020-10-10,信息审核
530889,东风标致,标致408,2015款 1.2T 自动 豪华版,东风标致408发动机怠速不稳行驶中熄火,"A14,A35,",2020-10-10,信息审核
530885,一汽-大众,迈腾,2018款 330TSI 领先型,一汽大众迈腾变速箱异响严重厂家不处理,"B33,",2020-10-10,处理反馈
530881,吉利汽车,经典帝豪,2010款 1.8L 手动 标准型 三厢,吉利经典帝豪车身多处生锈要求尽快处理,"H79,",2020-10-10,处理反馈
530880,吉利汽车,帝豪GL,2017款 1.8L 自动 精英型,吉利帝豪GL变速箱故障4S店不予索赔,"B115,",2020-10-10,处理反馈
530876,东风日产,天籁,2020款 2.0L XL Upper 智行版,东风日产天籁轮胎日期与车身不一致,"M284,",2020-10-10,处理反馈
530871,一汽丰田,RAV4荣放,2015款 2.0L CVT 两驱都市版,一汽丰田RAV4荣放右前侧半轴防尘套漏油,"G51,",2020-10-10,信息审核
530867,东风乘用车,风神AX7,2018款 1.6T 自动 精英型,东风风神AX7减震器漏油 车门无法关闭,"G25,H149,",2020-10-10,用户评分
530865,一汽-大众,探岳,2019款 330TSI 两驱 豪华型 国Ⅵ,上汽大众探岳大灯透镜发白亮度不足,"H82,",2020-10-10,处理反馈
530864,众泰汽车,众泰T300,2017款 1.5L 手动 精英型,众泰T300发动机抖动 动力不足,"A24,A163,",2020-10-10,信息审核
530859,上汽大众斯柯达,速派,2016款 TSI330 DSG 智行版,斯柯达速派变速器机电控制单元故障,"B115,",2020-10-10,处理反馈
530854,东风悦达起亚,起亚K3,2016款 1.6L 自动 GLS,东风悦达起亚K3方向管柱严重异响,"D59,",2020-10-10,信息审核
530853,上汽大众,桑塔纳,2016款 1.6L 手动 舒适版 三厢,上汽大众桑塔纳严重撞击后气囊未弹开,"H55,",2020-10-10,处理反馈
530852,北京奔驰,奔驰GLC,2020款 GLC 260 L 4MATIC 豪华型,北京奔驰GLC油表故障维修后未解决,"H271,",2020-10-10,信息审核
530851,东风标致,标致408,2015款 1.2T 自动 豪华版,东风标致408发动机烧机油导致拉缸,"A63,",2020-10-10,信息审核
530849,奇瑞汽车,瑞虎5x,2017款 1.5T 自动 豪华型,奇瑞瑞虎5x底盘多处严重生锈腐蚀,"H79,",2020-10-10,处理反馈
530844,吉利汽车,缤瑞,2018款 14T CVT 缤致版,吉利缤瑞车门以及引擎盖多处生锈,"H79,",2020-10-10,处理反馈
530839,上汽集团,荣威Ei5,2018款 互联网旗舰版,上汽荣威Ei5方向盘卡滞导致行车不稳,"D123,",2020-10-10,用户评分
530834,上汽大众斯柯达,柯迪亚克GT,2019款 TSI330 两驱 豪华版 国VI,斯柯达柯迪亚克GT方向盘和油门抖动,"A174,D80,",2020-10-10,处理反馈
530830,东风日产,轩逸,2019款 1.6XV CVT 智联尊享版 国V,东风日产轩逸中控屏重启无故关闭,"H134,",2020-10-10,处理反馈
530825,奇瑞汽车,奇瑞E5,2014款 1.5L 手动 智悦型,奇瑞E5后车门生锈存在质量问题要求处理,"H79,",2020-10-10,处理反馈
530824,北京现代,途胜,2015款 1.6T   双离合 两驱 智能型,北京现代途胜大灯内出现很多水渍痕迹,"H88,",2020-10-10,信息审核
530823,东风本田,本田CR-V,2017款 240TURBO 自动 两驱 风尚版,东风本田CR-V发动机有机油增多的现象,"A339,",2020-10-10,处理反馈
530820,奇瑞汽车,瑞虎8,2018款 1.5TCI 手动 豪华型 5座,奇瑞瑞虎8销售承诺赠送机油不兑现,"L313,",2020-10-10,厂家受理
530819,上汽大众,朗逸,2014款 1.4TSI DSG运动版,上汽大众朗逸变速箱机电单元故障质量差,"B84,",2020-10-10,处理反馈
530817,一汽-大众奥迪,奥迪A4L,2020款 40 TFSI 豪华致雅型,一汽大众奥迪A4L左前轮严重异响变速箱抖动,"B95,G125,",2020-10-10,信息审核
530805,东风标致,标致408,2015款 1.2T 自动 豪华版,东风标致408发动机烧机油要求厂家延保,"A63,",2020-10-10,信息审核
530804,上汽大众,途观L,2018款 330TSI 自动 两驱 舒适版,上汽大众途观L车轮吃胎偏磨严重质量差,"G245,",2020-10-10,处理反馈
530803,东风标致,标致408,2014款 1.8L 自动 豪华版,东风标致408空调压缩机损坏无法使用,"H101,",2020-10-10,信息审核
530802,比亚迪,比亚迪F3,2009款 1.5 手动 智能白金版标准型GL-i,比亚迪F3车门生锈腐烂严重希望处理,"H79,",2020-10-10,处理反馈
530801,上汽大众,朗行,2013款 1.4TSI 自动 舒适型,上汽大众朗行挡位跳动需更换机电单元,"B84,B27,",2020-10-10,处理反馈
530798,东风雪铁龙,雪铁龙C4L,2014款 1.8L 自动 智驱版 劲智型,东风雪铁龙C4L方向盘晃动存在安全隐患,"D80,D337,",2020-10-10,信息审核
530790,奇瑞汽车,艾瑞泽5,2016款 1.5L 手动 领潮版,奇瑞艾瑞泽5车门生锈大面积掉漆鼓包,"H79,",2020-10-10,处理反馈
530789,上汽大众斯柯达,柯珞克,2018款 TSI280 旗舰版 国V,斯柯达柯珞克气囊报警 车窗升降失灵,"H67,H103,",2020-10-10,处理反馈
530784,上汽大众,途观L,2017款 330TSI 两驱 豪华版,上汽大众途观L变速箱机电单元故障,"B115,",2020-10-10,处理反馈
530783,东风标致,标致308S,2015款 1.2T 自动 劲驰版,东风标致308S更换正时皮带后发动机烧机油,"A63,",2020-10-10,信息审核
530782,广汽丰田,凯美瑞,2019款 改款 2.0G 豪华版,广汽丰田凯美瑞中控台和C柱异响,"H15,H93,",2020-10-10,信息审核
530775,一汽-大众奥迪,奥迪Q5L,2020款 40 TFSI 荣享时尚型,大众奥迪Q5L空调不制冷车身晃动 刹车异响,"A24,E43,H101,",2020-10-10,信息审核
530774,北京现代,名图,2014款 1.8L 自动 智能型,北京现代名图保修期内发动机异响抖动,"A9,A24,A329,",2020-10-10,信息审核
530773,上汽大众,帕萨特新能源,2020款 430PHEV 混动豪华版 国VI,上汽大众帕萨特新能源变速箱异响 车门异响,"B33,H72,H164,",2020-10-10,处理反馈
530771,长城汽车,哈弗H2,2016款 1.5T 手动 两驱豪华型,哈弗H2前挡密封条老化遮阳板脱落,"H168,",2020-10-10,厂家受理
530766,一汽丰田,卡罗拉,2018款 1.2T S-CVT GL智享版,一汽丰田卡罗拉音响线路高温熔化,"H134,H110,",2020-10-10,信息审核
530764,奇瑞汽车,艾瑞泽5,2016款 1.5L 手动 领锐版,奇瑞艾瑞泽5车灯不亮内部标识脱落,"H168,H82,",2020-10-10,信息审核
530761,广汽本田,雅阁,2018款 260TURBO 精英版 国VI,广汽本田雅阁下雨高速行驶中突然失去动力,"A255,",2020-10-10,处理反馈
530760,广汽本田,飞度,2016款 1.5L LX CVT 舒适型,广汽本田飞度VTC执行器冷启动打齿异响,"A9,",2020-10-10,处理反馈
530759,上汽集团,锐腾,2016款 1.5TGI TST 精英版,上汽名爵锐腾方向机异响要求更换,"D59,D265,",2020-10-10,处理反馈
530758,广汽丰田,雷凌,2017款 185T CVT 精英版 国V 改款,广汽丰田雷凌变速箱异响低速行驶加速时无力,"B33,B334,",2020-10-10,信息审核
530754,东风悦达起亚,智跑,2018款 2.0L 自动 智享豪华版,东风悦达起亚智跑4S店售后态度极差,"I293,I282,L313,N320,",2020-10-10,信息审核
530750,长安马自达,马自达3 昂克赛拉,2019款 云控版 三厢 1.5L 自动 豪华型 国V,长安马自达昂克赛拉车头左前方掉漆,"H81,",2020-10-10,处理反馈
530745,北京现代,名图,2016款 1.8L 自动 尊贵型DLX,北京现代名图大面积反锈希望厂家处理,"H79,",2020-10-10,信息审核
530744,广汽丰田,YARiS L 致享,2020款 1.5L CVT 豪华版,广汽丰田YARiS L致享左前半轴油封漏油,"B22,",2020-10-10,信息审核
530742,一汽-大众,迈腾,2018款 330TSI DSG 豪华型,一汽大众迈腾变速箱机电控制单元故障,"B115,",2020-10-10,处理反馈
530741,上汽集团,荣威360,2016款 1.5L 自动 智屏版,上汽荣威360变速箱异响要求厂家给予解决,"B33,",2020-10-10,处理反馈
530740,上汽大众,途观L,2020款 330TSI 自动 两驱 R-Line旗舰版 国VI,上汽大众途观L气囊报警原厂螺丝破损,"H103,M284,",2020-10-10,处理反馈
530736,上汽大众,帕萨特,2017款 330TSI 御尊版,上汽大众帕萨特轮毂出现腐蚀现象,"H243,",2020-10-10,处理反馈
530728,吉利汽车,帝豪GL,2018款 1.8L 自动 精英智联型,吉利帝豪GL车灯进水4S店不予解决,"H88,I295,",2020-10-10,处理反馈
530725,一汽-大众奥迪,奥迪A4L,2019款 40 TFSI 进取型 国V,一汽大众奥迪A4L车身漏水要求给予解决,"H109,",2020-10-10,信息审核
530724,北京现代,索纳塔九,2015款 1.6T 双离合 GLX领先型,北京现代索纳塔九轮毂氧化腐蚀严重,"H243,",2020-10-10,信息审核
530723,一汽大众,捷达VS5,2019款 280TSI 自动 悦享型,捷达VS5涡轮增压器生锈4S店销售服务恶劣,"A189,I293,",2020-10-10,信息审核
530722,奇瑞新能源,奇瑞eQ1,2017款 智享版,奇瑞eQ1动力电池多次故障行驶中失去动力,"H343,",2020-10-10,厂家受理
530721,BEIJING汽车,绅宝X65,2015款 2.0T  自动 精英型,绅宝X65发动机加速无力抖动要求解决,"A24,A255,",2020-10-10,处理反馈
530720,上汽大众,朗逸,2019款 1.5L 自动 舒适版 国VI,上汽大众朗逸发动机敲缸4S店不予解决,"A9,",2020-10-10,处理反馈
530718,北京奔驰,奔驰C级,2019款 C 180 L 时尚型运动版,奔驰C级冷却系统多次报警要求解决,"A191,J298,",2020-10-10,信息审核
530716,上汽大众,途观L,2017款 330TSI 两驱 旗舰版,上汽大众途观L变速箱机电控制单元故障,"B115,",2020-10-10,处理反馈
530713,华晨宝马,宝马3系,2018款 320Li 时尚型,华晨宝马3系前车门漏风 发动机进油管渗油,"A12,H144,",2020-10-10,信息审核
530712,长安马自达,马自达3 昂克赛拉,2016款 2.0L 自动 运动型 三厢,长安马自达昂克赛拉中控屏失灵要去解决,"H134,",2020-10-10,处理反馈
530710,一汽-大众奥迪,奥迪A4L,2019款 40 TFSI 运动型 国VI,一汽大众奥迪A4L低速变速箱异响拖挡,"B33,B69,",2020-10-10,信息审核
530709,一汽-大众,探岳,2019款 330TSI 两驱 豪华型Plus 国VI,一汽大众探岳后雨刮器异响4S店未能解决,"H60,",2020-10-10,处理反馈
530708,东风标致,标致408,2014款 1.8L 自动 豪华版,东风标致408发动机故障灯亮烧机油严重,"A34,A63,",2020-10-10,信息审核
530706,吉利新能源,帝豪新能源,2016款 EV 精英型 三厢,吉利帝豪新能源空调暖风制热存在缺陷,"H101,",2020-10-10,处理反馈
530704,上汽通用五菱,新宝骏RM-5,2019款 1.5T CVT 24小时在线 豪华型 7座,新宝骏RM-5变速箱顿挫要求给予处理,"B19,",2020-10-10,处理反馈
530703,上汽大众,途观L,2017款 380TSI 四驱 旗舰版,上汽大众途观L变速箱机电控制单元故障,"B115,",2020-10-10,处理反馈
530700,中兴汽车,威虎,2018款 2.5T 四驱 越野版 标准型 中双 SD4V25R-100 国V 柴油,中兴威虎车身多处开裂涡轮增压器故障,"A189,H168,",2020-10-10,信息审核
530695,中兴汽车,威虎,2018款 2.5T 两驱 越野版 标准型 中双 SD4V25R-100 国V 柴油,中兴威虎车身多处生锈涡轮增压器故障,"A189,H168,",2020-10-10,信息审核
530692,北京现代,领动,2016款 1.6L 自动 智炫・精英型,北京现代领动空调出风口掉漆要求厂家解决,"H81,N318,",2020-10-10,信息审核
530689,东风日产,轩逸,2016款 1.6XL CVT 豪华版,东风日产轩逸减震器漏油希望厂家处理,"G25,",2020-10-10,处理反馈
530688,上汽大众,帕萨特,2017款 330TSI 尊荣版,上汽大众帕萨特变速箱机电单元故障,"A34,B84,",2020-10-10,处理反馈
530687,一汽丰田,RAV4荣放,2020款 2.0L CVT 两驱 都市版,一汽丰田RAV4荣放车门线条不对称,"H209,",2020-10-10,信息审核
530686,广汽丰田,凯美瑞,2015款 2.0G 自动 领先版,广汽丰田凯美瑞球笼套漏油希望厂家处理,"G161,",2020-10-10,信息审核
530685,一汽-大众,探岳,2019款 征途版 280TSI 两驱 豪华型 国Ⅵ,一汽大众探岳前大灯有白雾希望厂家处理,"H82,",2020-10-10,用户评分
530683,北京现代,名图,2014款 1.8L 自动 智能型,北京现代名图发动机抖动异响要求处理,"A9,A24,",2020-10-10,信息审核
530681,上汽大众斯柯达,速派,2019款 TSI280 DSG 舒适版,斯柯达速派天窗异响希望厂家处理问题,"H89,",2020-10-10,处理反馈
530678,东风日产,天籁,2020款 2.0T XL Upper AD1 智享领航版,东风日产天籁车载智能互联故障希望厂家处理,"H155,",2020-10-10,处理反馈
530672,上汽大众,凌渡,2017款 230TSI DSG 风尚版,上汽大众凌渡仪表盘指针无自检保护程序缺失,"H202,",2020-10-10,用户评分
530671,广汽丰田,雷凌,2019款 双擎 1.8H E-CVT 豪华版 国VI,广汽丰田雷凌发动机舱异响抖动严重,"A9,A24,",2020-10-10,信息审核
530659,东风本田,INSPIRE,2019款 260TURBO 精悦版 国VI,东风本田INSPIRE踩油门异响副驾驶异响,"A9,H164,",2020-10-10,处理反馈
530655,东风英菲尼迪,英菲尼迪Q50L,2016款 2.0T 进取版,东风英菲尼迪Q50L左后轮有吃胎偏磨现象,"G245,",2020-10-10,信息审核
530653,一汽-大众奥迪,奥迪Q5,2016款 40 TFSI 技术型,一汽大众奥迪Q5节温器漏水希望厂家处理,"A37,A191,",2020-10-10,信息审核
530650,江淮汽车,嘉悦A5,2020款 1.5T CVT 超越型,江淮嘉悦A5发动机异响 车内有电流声,"A9,H164,",2020-10-10,处理反馈
530644,一汽吉林,森雅R9,2018款 1.2T 手动 尊贵智悦型,一汽吉林森雅R9天窗胶条老化开裂车灯起雾,"H79,H88,H48,",2020-10-10,信息审核
530643,SWM斯威汽车,SWM斯威X7,2017款 1.5T 自动 智享型 7座,斯威X7电子助力失灵手刹和发动机故障灯亮 ,"A34,E159,",2020-10-10,信息审核
530641,北京现代,名图,2017款 1.8L 自动 智能型 GLS 国V,北京现代名图轮毂氧化存在质量问题	,"H243,",2020-10-10,信息审核
530640,长安汽车,长安欧尚CX70,2016款 1.6L 手动 豪华型,长安欧尚CX70倒挡挂挡困难 液压杆生锈,"B20,H79,H202,",2020-10-10,厂家受理
530637,奇瑞汽车,艾瑞泽5,2019款 Pro 1.5L CVT青春版 改款 国VI,奇瑞艾瑞泽5向右转向时有异响 低速顿挫,"B33,B19,D59,",2020-10-10,处理反馈
530635,北京现代,索纳塔,2020款 270TGDi GLS DCT 精英版,北京现代索纳塔变速箱顿挫而且有异响,"B33,B19,",2020-10-10,信息审核
530632,开瑞汽车,开瑞K50,2017款 1.5L 手动 豪华型,开瑞K50车身多处生锈严重要求厂家处理	,"H79,",2020-10-10,厂家受理
530631,长安马自达,马自达CX-5,2015款 2.0L 自动 两驱 都市型,长安马自达CX-5中控触摸屏乱跳无法使用,"H134,",2020-10-10,处理反馈
530628,一汽-大众,宝来,2019款 1.5L 自动 舒适型,一汽大众宝来后备箱右前轮异响影响正常行驶,"G125,H68,",2020-10-10,处理反馈
530625,吉利汽车,博瑞,2015款 1.8T 尊贵型,吉利博瑞电子转向助力失效要求厂家处理,"D156,",2020-10-10,处理反馈
530623,吉利汽车,帝豪GL,2020款 1.4T CVT 豪华型,吉利帝豪GL加减速时变速箱有顿挫的现象,"B19,",2020-10-10,处理反馈
530621,广汽本田,凌派,2016款 1.8L CVT 舒适版,广汽本田凌派车门内侧出现生锈的现象,"H79,",2020-10-10,处理反馈
530618,东风乘用车,风神AX7,2018款 1.6T 自动 豪华型,东风风神AX7 4S店维修车辆时车辆损坏,"A38,G56,J300,",2020-10-10,处理反馈
530613,北京现代,领动,2016款 1.6L 自动 智炫・精英型,北京现代领动会员系统升级后保养套餐丢失	,"I294,O348,",2020-10-10,信息审核
530612,江铃福特,途睿欧,2017款 2.0T 自动 商务舱版,江铃福特途睿欧电路漏电导致发动机无法启动,"H110,",2020-10-10,信息审核
530609,沃尔沃亚太,沃尔沃S90,2020款 改款 T5 智逸运动版,亚太沃尔沃S90行驶中自动刹车系统失灵,"E29,H170,",2020-10-10,信息审核
530607,一汽-大众,宝来,2018款 1.5L 自动 时尚型,一汽大众宝来发动机爆震更换活塞后再次爆震抖动,"A18,",2020-10-10,处理反馈
530606,上汽通用五菱,宝骏610,2014款 1.5L 手动 标准型,宝骏610转向助力失效 转向异响存在安全隐患,"D59,",2020-10-10,处理反馈
530605,上汽大众,凌渡,2018款 280TSI 双离合 舒适版,上汽大众凌渡主驾驶侧装饰板开裂 座椅开线,"H168,H169,",2020-10-10,处理反馈
530601,一汽-大众奥迪,奥迪Q3,2020款 35 TFSI 进取致雅型,一汽大众奥迪Q3中控屏幕经常花屏 车窗异响,"H134,H72,",2020-10-10,信息审核
530595,上汽通用五菱,五菱宏光,2013款 1.5L 豪华型L2B,上汽通用五菱宏光后视镜壳掉漆影响美观,"H81,",2020-10-10,处理反馈
530594,上汽集团,锐腾,2017款 20T 手动 豪华版,上汽名爵锐腾发动机抖动要求处理,"A24,",2020-10-10,处理反馈
530591,上汽集团,锐腾,2016款 1.5TGI TST 豪华版,上汽名爵锐腾发动机异响 车门饰板鼓包,"A9,B19,E47,H88,",2020-10-10,处理反馈
530587,广汽本田,凌派,2016款 1.8L CVT 舒适版,广汽本田凌派保养时发现发动机漏油,"A12,",2020-10-10,处理反馈
530578,一汽-大众,探岳,2020款 330TSI 两驱 豪华智联版,一汽大众探岳变速箱顿挫异响 汽油泵异响,"B33,B19,H78,",2020-10-10,处理反馈
530574,长安马自达,马自达3 昂克赛拉,2020款 1.5L 自动 质美版,长安马自达昂克赛拉发动机变速箱漏油,"A12,B33,B22,",2020-10-10,处理反馈
530573,吉利汽车,帝豪GS,2016款 1.8L 手动 领尚型 运动版,吉利帝豪GS离合器失效 变速箱漏油,"B22,C267,",2020-10-10,用户评分
530570,上汽大众,帕萨特,2019款 330TSI 豪华版 国V,上汽大众帕萨特转向异响前轮内侧吃胎严重,"D59,G245,",2020-10-10,处理反馈
530567,上汽大众,凌渡,2019款 280TSI DSG 舒适版 国V,上汽大众凌渡车内异响严重希望处理,"H164,",2020-10-10,处理反馈
530565,东风标致,标致3008,2013款 1.6T 自动 THP至尚版,东风标致3008节温器故障导致空调不制冷,"H101,",2020-10-10,信息审核
530563,广汽本田,缤智,2017款 1.8L CVT 两驱 先锋型,广汽本田缤智防盗系统故障要求处理,"H23,",2020-10-10,处理反馈
530562,江淮汽车,瑞风M4,2020款 2.0CTI 柴油 手动 劲尚型 国VI,江淮瑞风M4配件质量差导致频繁故障,"N317,",2020-10-10,处理反馈
530559,沃尔沃亚太,沃尔沃S60,2021款 T4 智逸豪华版,沃尔沃亚太S60怠速车身共振异响,"H268,",2020-10-10,信息审核
530558,一汽丰田,亚洲龙,2019款 2.5L Touring 尊贵版 国Ⅵ,一汽丰田亚洲龙车身多处异响希望处理,"H15,",2020-10-09,信息审核
530555,广汽丰田,凯美瑞,2015款 2.0G 自动 领先版,广汽丰田凯美瑞前轮左右半轴漏油	,"G51,",2020-10-09,信息审核
530553,上汽通用五菱,五菱宏光,2018款 1.2L S 基本型 经典款,上汽通用五菱宏光4S店售后态度极差,"I293,",2020-10-09,用户评分
530549,华晨中华,中华V7,2019款 运动款 280T 自动 尊贵型,华晨中华V7右后玻璃橡胶导槽变形,"H48,",2020-10-09,信息审核
530547,华晨宝马,宝马1系,2018款 118i 时尚型,华晨宝马1系发动机动力消失希望处理,"A255,",2020-10-09,信息审核
530546,吉利汽车,帝豪GS,2018款 1.8L 自动 优雅版 领尚型,吉利帝豪GS坡道起步动力消失 变速箱异响,"A255,B33,",2020-10-09,用户评分
530543,一汽-大众奥迪,奥迪A4L,2020款 40 TFSI 时尚动感型,一汽大众奥迪A4L主驾驶座椅塌陷,"H169,",2020-10-09,信息审核
530537,上汽大众,途观L,2020款 330TSI 自动 两驱 全景舒适版 国VI,上汽大众途观L新车发动机故障维修未解决,"A34,",2020-10-09,用户评分
530536,英菲尼迪（进口）,英菲尼迪QX60,2014款 3.5L CVT 两驱卓越版 7座,进口英菲尼迪QX60变速箱低速顿挫抖动,"B19,B95,",2020-10-09,信息审核
530535,东风悦达起亚,智跑,2018款 2.0L 自动 智享豪华版,起亚智跑不平路面行驶时底盘和仪表台异响,"G56,H93,",2020-10-09,信息审核
530533,东风日产,骐达TIIDA,2021款 1.6L CVT 智行版,东风日产骐达新车电瓶亏电无法启动,"H146,",2020-10-09,处理反馈
530526,长安汽车,长安CS35,2016款 1.6L 手动 豪华型 国V,长安CS35车身多处生锈严重要求给予解决,"H79,",2020-10-09,厂家受理
530524,北京现代,途胜,2015款 1.6T   双离合 两驱 领先型,北京现代途胜车门生锈严重后视镜加热故障,"H79,H101,",2020-10-09,信息审核
530520,广汽本田,雅阁,2014款 2.4L EX 豪华版,广汽本田雅阁4S店维修车辆后仪表报警,"H202,",2020-10-09,处理反馈
530518,一汽-大众,探岳,2019款 380TSI 四驱 R-Line 国V,一汽大众探岳前大灯亮度不足影响行车安全,"H82,N317,",2020-10-09,处理反馈
530516,一汽丰田,卡罗拉,2019款 1.2T S-CVT GL-i豪华版,一汽丰田卡罗拉后悬挂支撑梁螺母生锈,"G180,",2020-10-09,信息审核
530515,吉利汽车,缤瑞,2018款 14T CVT 缤致版,吉利缤瑞车窗和雨刮器异响希望厂家处理,"H72,H60,",2020-10-09,处理反馈
530511,东风日产,奇骏,2020款 2.0L XL ITS CVT 2WD 智联舒适版,东风日产奇骏后视镜漆面不均匀疑似运损车,"H209,",2020-10-09,处理反馈
530509,一汽-大众,速腾,2011款 1.6 手动 舒适型,一汽大众速腾气门弹簧断裂发动机顶缸,"A251,",2020-10-09,处理反馈
530508,一汽红旗,红旗HS5,2019款 2.0T 智联旗享四驱版,红旗HS5左后门掉漆要求厂家给予解决,"H81,",2020-10-09,信息审核
530507,长安汽车,逸动XT,2019款 1.6L GDI 自动 锐潮型 国VI,长安逸动XT保养用油与购买套餐不符,"L314,",2020-10-09,厂家受理
530504,海马汽车,海马S5,2014款 1.6L 手动 智乐型 5座,海马S5车身生锈存在严重质量问题,"H79,",2020-10-09,信息审核
530503,华晨宝马,宝马3系,2016款 328i M 运动型,华晨宝马3系4S店虚报保险维修项目和金额,"J299,",2020-10-09,信息审核
530502,一汽丰田,卡罗拉,2019款 双擎 1.8L E-CVT GL-i精英版,一汽丰田卡罗拉4S店服务差变相收费,"I295,K307,",2020-10-09,信息审核
530492,广汽本田,冠道,2019款 240TURBO 两驱 尊享版,广汽本田冠道行驶中发动机熄火要求解决,"A14,I294,J298,",2020-10-09,处理反馈
530491,广汽乘用车,传祺GS3,2017款 200T 自动 精英版,广汽传祺GS3 4S店升级系统导致中控损坏,"J300,",2020-10-09,处理反馈
530490,广汽三菱,欧蓝德,2019款 2.0L 两驱 畅享版 5座 国VI,广汽三菱欧蓝德ECU升级后沉闷无力,"A9,B33,O348,",2020-10-09,信息审核
530489,一汽大众,捷达VS7,2020款 1.4T 自动 悦享型,捷达VS7电瓶亏电导致发动机无法启动,"H146,",2020-10-09,处理反馈
530486,广汽丰田,凯美瑞,2007款 240G 豪华版,广汽丰田凯美瑞中控仪表台软化希望处理,"H176,",2020-10-09,信息审核
530485,上汽大众斯柯达,昕锐,2019款 改款 1.5L 手动 标准版 国V,斯柯达昕锐前后减震后桥及羊角生锈,"H79,",2020-10-09,处理反馈
530482,广汽本田,缤智,2015款 1.5L CVT 两驱舒适型,广汽本田缤智发动机冷启动时异响,"A9,",2020-10-09,用户评分
530473,奇瑞汽车,瑞虎3,2014款 1.6L 手动 风尚版 5座,奇瑞瑞虎3车身生锈 漆面开裂要求解决,"H79,H81,",2020-10-09,处理反馈
530472,长城汽车,风骏5,2017款 2.0T 两驱 欧洲版 柴油 精英型 大双排GW4D20B,长城风骏5发动机故障灯亮行驶过程中熄火	,"A34,A14,",2020-10-09,厂家受理
530470,一汽-大众,速腾,2018款 1.6L 自动 时尚型,一汽大众速腾事故中安全气囊没有弹开,"H55,",2020-10-09,处理反馈
530469,一汽-大众奥迪,奥迪A6L,2017款 45 TFSI 双离合 quattro 运动型,一汽大众奥迪A6L变速箱机电控制单元损坏,"B84,",2020-10-09,信息审核
530468,猎豹汽车,猎豹CS9,2017款 1.5L 手动 舒适型,猎豹CS9远程操控功能无法登录无法使用,"H155,",2020-10-09,信息审核
530466,东风日产,轩逸,2012款 1.6L XE 手动 舒适版 经典,东风日产轩逸发动机漏防冻液要求厂家处理,"A37,",2020-10-09,处理反馈
530465,东风日产,奇骏,2019款 2.0L CVT 舒适版 5座 2WD,东风日产奇骏中控屏幕出现开裂导致失灵,"H134,",2020-10-09,用户评分
530462,东风标致,标致308,2016款 1.6L 手动 时尚版,东风标致308座椅前后调节拉杆折断,"H168,H169,",2020-10-09,信息审核
530461,东风日产,逍客,2016款 2.0L CVT 旗舰版,东风日产逍客变速箱钢带打滑导致无法加速,"B334,B77,",2020-10-09,处理反馈
530458,广汽丰田,凯美瑞,2016款 2.5HG CVT 十周年纪念豪华导航版 双擎,广汽丰田凯美瑞真皮方向盘皮面自动脱落,"H168,",2020-10-09,信息审核
530455,上汽大众,帕萨特,2020款 改款 330TSI 精英版 国VI,上汽大众帕萨特低速行驶时变速箱顿挫有异响,"B33,B19,",2020-10-09,处理反馈
530454,上汽大众,帕萨特,2016款 330TSI DSG 尊荣版,上汽大众帕萨特变速箱机电控制单元故障,"B84,",2020-10-09,处理反馈
530452,一汽解放,JH6解放,JH6,一汽解放JH6电瓶故障更换后未解决,"H146,",2020-10-09,信息审核
530451,众泰汽车,众泰Z500,2015款 1.5T 手动 尊贵型,众泰Z500减震器转向机助力泵故障,"D265,G52,",2020-10-09,处理反馈
530443,长城汽车,哈弗H7,2016款 2.0T 豪华型,哈弗H7经销商赠送保养承诺不兑现,"L313,",2020-10-09,厂家受理
530441,东风雪铁龙,雪铁龙C4L,2014款 1.8L 手动 智驱版 劲享型,东风雪铁龙C4L方向盘松动异响,"D59,",2020-10-09,信息审核
530440,东风日产,轩逸,2016款 1.6XL CVT 尊享版,东风日产轩逸空调蒸发器漏氟厂家不索赔,"H101,",2020-10-09,处理反馈
530439,广汽本田,雅阁,2016款 2.0L CVT  舒适版,广汽本田雅阁右侧日行灯不亮左侧发黄,"H82,",2020-10-09,处理反馈
530438,上汽通用五菱,五菱宏光,2019款 1.5L S 舒适型 国VI LAR,上汽通用五菱宏光变速箱异响希望厂家处理,"B33,",2020-10-09,处理反馈
530437,上汽通用五菱,宝骏630,2016款 1.5L 手动 舒适型,宝骏630车门多处锈蚀希望厂家处理问题,"H79,",2020-10-09,处理反馈
530434,一汽-大众,探岳,2019款 征途版 280TSI 两驱 豪华型 国Ⅵ,一汽大众探岳发动机故障灯亮厂家未回复,"A34,",2020-10-09,处理反馈
530433,广汽本田,飞度,2020款 1.5L CVT 舒适版,广汽本田飞度漆面发黄存在质量问题,"H201,",2020-10-09,处理反馈
530431,广汽本田,缤智,2017款 1.8L CVT 两驱 先锋型,广汽本田缤智方向机异响要求更换,"D59,D265,",2020-10-09,处理反馈
530428,沃尔沃亚太,沃尔沃S90,2020款 T5 智远豪华版,亚太沃尔沃S90方向盘异响希望厂家处理,"D59,",2020-10-09,信息审核
530427,斯巴鲁,斯巴鲁XV,2019款 2.0i 全驱 精英版 国VI,斯巴鲁XV底盘多处锈蚀厂家未解决问题,"H79,",2020-10-09,信息审核
530426,奇瑞汽车,艾瑞泽5,2017款 1.5L 手动 豪华版,奇瑞艾瑞泽5变速箱刹车以及减震异响,"B33,E43,",2020-10-09,处理反馈
530424,上汽大众斯柯达,柯珞克,2020款 TSI280 智行豪华版 国VI,斯柯达柯珞克涡轮增压器生锈严重,"A189,H79,",2020-10-09,用户评分
530419,东风日产,蓝鸟,2019款 1.6L CVT 智联智酷版 国V,东风日产蓝鸟导航失灵座椅塌陷 电瓶亏电,"H146,H21,H169,",2020-10-09,处理反馈
530418,东风日产,轩逸,2019款 1.6XV CVT 智联尊享版 国VI,东风日产轩逸发动机异响维修未解决,"A9,",2020-10-09,处理反馈
530415,上汽大众斯柯达,速派,2016款 TSI330 DSG 智行版,斯柯达速派车内有异味 空调制冷效果差,"H185,H101,",2020-10-09,处理反馈
530412,吉利汽车,帝豪GL,2018款 1.4T 手动 精英智联型,吉利帝豪GL变速箱一挡挂挡困难倒挡时打齿,"B33,B20,",2020-10-09,处理反馈
530411,一汽-大众,T-ROC探歌,2019款 280TSI DSG 四驱 豪华型 国V,一汽大众探歌四条邓禄普轮胎出现开裂的现象,"F100,",2020-10-09,用户评分
530409,东风标致,标致508,2019款 508L 400THP PureTech 激情版 国VI,东风标致508雨刮水壶漏水希望厂家处理,"H168,",2020-10-09,信息审核
530408,一汽-大众奥迪,奥迪A4L,2017款 2.0T 双离合 时尚型,一汽大众奥迪A4L节温器漏水希望厂家处理,"A37,",2020-10-09,信息审核
530406,一汽丰田,卡罗拉,2017款 1.2T S-CVT GL-i真皮版 改款,一汽丰田卡罗拉尾灯老化开裂存在质量问题,"H134,",2020-10-09,信息审核
530404,一汽-大众奥迪,奥迪Q3,2018款 30 TFSI 时尚型 30周年年型,一汽大众奥迪Q3转向与涡轮异响严重	,"A9,D59,",2020-10-09,信息审核
530403,北京现代,领动插电混动,2019款 1.6L PHX 乐行版,北京现代领动插电混动排气管出现脱落,"N318,",2020-10-09,信息审核
530402,上汽大众,途观L,2017款 330TSI 两驱 旗舰版,上汽大众途观L变速箱机电控制单元故障,"B84,",2020-10-09,处理反馈
530397,北京现代,途胜,2015款 1.6T   双离合 两驱 智能型,北京现代途胜转向机异响 4S店不予索赔	,"D59,I297,",2020-10-09,信息审核
530393,东风标致,标致408,2016款 1.6T 自动 豪华版,东风标致408怠速时抖动 发动机舱油管龟裂,"A24,H266,",2020-10-09,信息审核
530386,上汽大众,朗逸,2018款 1.5L 自动 风尚版 国V,上汽大众朗逸经销商工作人员动手打人,"I293,",2020-10-09,处理反馈
530385,上汽大众,途观L,2017款 330TSI 两驱 豪华版,上汽大众途观L变速箱出现异响 顿挫,"B33,B19,",2020-10-09,处理反馈
530384,广汽新能源,传祺GE3,2018款 530 智享版,广汽传祺GE3空调压缩机多次损坏质量差,"H101,",2020-10-09,信息审核
530380,广汽本田,飞度,2014款 1.5L CVT LX舒适型,广汽本田飞度变速箱漏油要求厂家解决,"B22,",2020-10-09,处理反馈
530379,上汽大众,途观L,2017款 330TSI 两驱 豪华版,上汽大众途观L变速箱机电控制单元故障,"B19,B96,B84,",2020-10-09,处理反馈
530378,吉利汽车,帝豪GL,2017款 1.8L 自动 精英型,吉利帝豪GL变速箱挡位不全 售后不予理赔,"B96,B27,I297,",2020-10-09,处理反馈
530377,一汽-大众,探岳,2020款 330TSI 两驱 豪华智联版,一汽大众探岳发动机噪音大 车内有汽油味,"A38,H185,",2020-10-09,处理反馈
530375,一汽-大众,探岳,2019款 380TSI 四驱 R-Line 国VI,一汽大众探岳大灯透镜发白影响照明,"H82,",2020-10-09,用户评分
530374,东风日产,轩逸,2016款 1.6XV CVT 智享版,东风日产轩逸电子扇故障 开启空调后异响,"A191,H101,",2020-10-09,处理反馈
530373,一汽大众,捷达VS7,2020款 1.4T 手动 进取型,一汽大众捷达VS7玲珑轮胎老化开裂,"F100,",2020-10-09,处理反馈
530371,Jeep（进口）,牧马人,2019款 2.0T Rubicon 四门版 国VI,进口Jeep牧马人厂家无配件影响使用,"N318,",2020-10-09,厂家受理
530369,北京奔驰,奔驰C级,2020款 C 200 L 时尚型运动版,北京奔驰C级后挡风玻璃突然爆裂,"H113,",2020-10-09,信息审核
530368,一汽-大众奥迪,奥迪Q3,2018款 35 TFSI 运动型 30周年年型,一汽大众奥迪Q3变速箱异响希望处理,"B33,",2020-10-09,信息审核
530367,一汽-大众,迈腾,2017款 330TSI DSG 豪华型,一汽大众迈腾变速器机电单元存在质量缺陷,"B115,",2020-10-09,处理反馈
530360,江淮汽车,瑞风S4,2020款 1.5T CVT 超越型,江淮瑞风S4触摸屏无法使用希望处理,"H134,",2020-10-09,处理反馈
530359,广汽本田,雅阁,2016款 2.0L CVT 精英版,广汽本田雅阁变速箱漏油影响车辆正常使用,"B22,",2020-10-09,处理反馈
530353,一汽-大众,速腾,2018款 1.6L 自动 舒适型,一汽大众速腾热车时变速箱异响顿挫严重,"B33,B19,",2020-10-09,处理反馈
530352,SWM斯威汽车,SWM斯威X7,2016款 1.5T 豪华型,斯威X7电子解锁失败 售后拖延不处理,"D291,I282,",2020-10-09,信息审核
530351,上汽大众,朗逸,2019款 1.5L 自动 舒适版 国VI,上汽大众朗逸无息贷款的承诺不兑现,"L313,",2020-10-09,用户评分
530349,上汽大众,凌渡,2019款 230TSI DSG 风尚版 国V,上汽大众凌渡加速时变速箱抖动要求解决,"B95,I294,",2020-10-09,处理反馈
530348,华晨中华,中华V6,2018款 1.5T 自动 尊贵型,中华V6倒车影像黑屏喇叭接触不良发动机漏油,"A12,H134,H151,",2020-10-09,信息审核
530341,广汽丰田,汉兰达,2013款 2.7L 两驱紫金版 7座,广汽丰田汉兰达发动机盖有掉漆有的现象,"H81,",2020-10-09,信息审核
530340,吉利汽车,帝豪GL,2018款 1.4T 自动 尊贵智联型,吉利帝豪GL车门遇水打不开影响使用,"H149,",2020-10-09,处理反馈
530337,知豆电动车,知豆D2,2017款 D2S,知豆D2电机故障厂家一直没有配件,"A341,N318,",2020-10-09,厂家受理
530335,一汽-大众,速腾,2019款 200TSI DSG 舒适型 国V,一汽大众速腾踩刹车后动力丢失影响安全,"A255,",2020-10-09,处理反馈
530333,东风本田,本田XR-V,2020款 1.5L CVT 经典版,东风本田XR-V发动机烧机油要求退车,"A63,",2020-10-09,处理反馈
530331,林肯（进口）,航海家（进口）,2019款 2.0T 两驱 尊享版 国VI,林肯航海家新车保险杠螺丝有维修过的痕迹,"M284,",2020-10-09,信息审核
530330,一汽丰田,锐志,2013款 2.5V 尚锐版,一汽丰田锐志车内有严重异味影响身体健康,"H185,",2020-10-09,信息审核
530329,江淮汽车,瑞风M3,2019款 1.6L 速运版,江淮瑞风M3变速箱故障无法挂挡无法行驶,"B20,",2020-10-09,处理反馈
530326,一汽丰田,威驰,2017款 1.5L CVT 创行版,一汽丰田威驰发动机在运转时有抖动的现象,"A24,",2020-10-09,信息审核
530320,一汽-大众,宝来,2017款 1.6L 自动 舒适型,一汽大众宝来压缩机不工作空调不制冷,"H101,",2020-10-09,处理反馈
530318,一汽-大众,迈腾,2020款 330TSI DSG 豪华型,一汽大众迈腾发动机怠速状态下异响,"A9,N318,",2020-10-09,处理反馈
530315,上汽大众,朗逸,2018款 1.5L 自动 风尚版 国V,上汽大众朗逸大灯进水雾 漆面龟裂,"H81,H72,H88,H209,",2020-10-09,处理反馈
530313,一汽-大众奥迪,奥迪A4L,2019款 40 TFSI 进取型 国V,一汽大众奥迪A4L变速箱阀体损坏存在隐患,"B84,",2020-10-09,信息审核
530307,东风雪铁龙,雪铁龙C4L,2014款 1.8L 自动 智驱版 劲享型,东风雪铁龙C4L方向盘上下左右抖动摇晃,"D80,D337,",2020-10-09,信息审核
530305,东风标致,标致408,2014款 1.8L 自动 豪华版,东风标致408后桥异响严重 主驾车窗异响,"G158,H72,",2020-10-09,信息审核
530304,奇瑞汽车,奇瑞A3,2009款 1.6 手动 两厢精英型,奇瑞A3电子助力转向失灵存在安全隐患,"D57,",2020-10-09,处理反馈
530303,上汽大众,途观L,2018款 330TSI 自动 两驱 豪华版,上汽大众途观L轮胎偏磨要求4S店给予处理,"G245,G225,J300,",2020-10-09,处理反馈
530302,一汽-大众,高尔夫,2015款 1.4TSI 自动 舒适型,一汽大众高尔夫变速箱无法换挡4S店不保修,"B20,I297,",2020-10-09,处理反馈
530299,上汽大众,桑塔纳,2019款 1.5L 手动 风尚版 国VI,上汽大众桑塔纳4S店售后未告知开票事宜,"L314,",2020-10-09,处理反馈
530293,北京现代,朗动,2016款 1.6L 自动 智能型,北京现代朗动转向机故障厂家不提供配件,"D265,N318,",2020-10-09,处理反馈
530292,广汽丰田,凯美瑞,2011款 200G 2.0 自动 经典周年纪念版,广汽丰田凯美瑞仪表台软化反光出油,"H176,",2020-10-09,信息审核
530287,一汽-大众奥迪,奥迪A4L,2018款 2.0T 进取型 30周年年型,一汽大众奥迪A4L自适应大灯故障,"H82,",2020-10-09,信息审核
530285,东风雪铁龙,雪铁龙C4L,2013款 1.6THP 自动 劲智版,东风雪铁龙C4L汽油泵连续出现故障,"H78,",2020-10-09,信息审核
530280,上汽大众,朗逸,2017款 1.6L 手动 风尚版,上汽大众朗逸车内异味影响身体健康,"H185,",2020-10-09,处理反馈
530278,SWM斯威汽车,SWM斯威G05,2019款 1.5T 自动 尊贵型,斯威G05天窗支架断裂4S店不处理,"H168,",2020-10-09,处理反馈
530277,一汽丰田,RAV4荣放,2020款 双擎 2.5L CVT 四驱 精英PLUS版,一汽丰田RAV4荣放油表指针及续航里程不准,"H202,",2020-10-09,信息审核
530276,东风雪铁龙,C4世嘉,2016款 1.6L 自动 豪华型,东风雪铁龙C4世嘉行驶中方向盘晃动,"D337,",2020-10-09,信息审核
530274,一汽-大众,探岳,2019款 征途版 280TSI 两驱 豪华型 国Ⅵ,一汽大众探岳大灯起雾亮度不足,"H82,",2020-10-09,处理反馈
530270,一汽-大众奥迪,奥迪Q3,2021款 35 TFSI 进取动感型,一汽大众奥迪Q3天窗漏水要求赔偿,"H90,",2020-10-09,信息审核
530267,吉利汽车,缤瑞,2020款 1.4T CVT 亚运版,吉利缤瑞漆面有瑕疵主驾驶座椅海绵错位变形,"H169,M284,",2020-10-09,处理反馈
530259,广汽乘用车,传祺GA6,2016款 235T 手动 舒适版,广汽传祺GA6车顶掉漆售后未解决问题,"H81,",2020-10-09,处理反馈
530258,BEIJING汽车,绅宝X65,2015款 2.0T  自动 精英型,绅宝X65发动机抖动加速无力容易熄火,"A24,A14,",2020-10-09,处理反馈
530257,长安汽车,长安CS55 PLUS,2020款 1.5T 自动 炫动型,长安CS55 PLUS行驶中有异响希望厂家处理,"H15,",2020-10-09,信息审核
530255,长安马自达,马自达3 昂克赛拉,2017款 1.5L 自动 豪华型 三厢 国V,长安马自达昂克赛拉固特异轮胎胎面变形,"F138,",2020-10-09,处理反馈
530245,一汽-大众,探岳,2019款 330TSI 两驱 豪华型 国Ⅵ,一汽大众探岳大灯有白雾 刹车异响,"E43,H82,H209,",2020-10-09,处理反馈
530244,北京现代,领动,2019款 1.5L CVT 智炫・精英型,北京现代领动遥控失灵导致无法锁车,"H119,",2020-10-09,信息审核
530241,上汽大众斯柯达,速派,2016款 TSI280 DSG 创行版,斯柯达速派发动机故障灯亮变速箱无倒挡,"A34,B20,",2020-10-09,处理反馈
530234,东风标致,标致3008,2013款 1.6T 自动 THP至尚版,东风标致3008冷却液液位异常报警,"A191,",2020-10-09,信息审核
530231,上汽通用五菱,五菱宏光,2015款 1.2L 基本型 S 国IV,上汽通用五菱宏光车门严重锈蚀希望处理,"H79,",2020-10-09,处理反馈
530229,一汽-大众奥迪,奥迪A4L,2019款 40 TFSI 进取型 国VI,一汽大众奥迪A4L变速箱顿挫异响严重,"B33,B19,",2020-10-09,信息审核
530227,广汽乘用车,传祺GS7,2017款 320T 两驱 豪华智联型,广汽传祺GS7大灯严重起雾不给更换,"H88,",2020-10-09,处理反馈
530225,一汽-大众,探岳,2019款 330TSI 两驱 豪华型 国Ⅵ,一汽大众探岳大灯亮度不足影响行车安全,"H82,N317,",2020-10-09,处理反馈
530223,一汽-大众,速腾,2018款 280TSI DSG熠动版,一汽大众速腾发动机异响 变速箱抖动,"A9,B95,H64,H157,",2020-10-09,处理反馈
530222,北京现代,领动,2019款 1.4T 双离合 炫动・活力型,北京现代领动发动机烧机油 变速箱异响,"A63,B33,",2020-10-09,信息审核
530221,上汽大众,途观L,2017款 330TSI 两驱 豪华版,上汽大众途观L变速箱机电控制单元故障,"B115,",2020-10-09,用户评分
530218,奔驰（进口）,奔驰GLS,2020款 GLS 450 4MATIC 豪华型,进口奔驰GLS 4S店出售问题车不兑现换车承诺,"L313,M284,",2020-10-09,信息审核
530214,吉利汽车,帝豪GL,2019款 1.4T CVT 尊贵智享版,吉利帝豪GL踩油门中控位置出现异响,"H93,",2020-10-09,处理反馈
530213,北京现代,名图,2017款 1.8L 自动 智能型 GLS 国V,北京现代名图降挡时变速箱顿挫维修后未解决,"B19,",2020-10-09,信息审核
530211,沃尔沃亚太,沃尔沃S90,2020款 改款 T5 智远豪华版,亚太沃尔沃S90低频共振影响驾驶和身体健康,"H268,",2020-10-09,信息审核
530209,东风日产,轩逸,2020款 1.6L XL CVT 悦享版,东风日产轩逸普利司通轮胎侧边鼓包,"F39,",2020-10-09,用户评分
530208,一汽-大众,探岳,2019款 330TSI 两驱 尊贵型 国Ⅵ,一汽大众探岳大灯模糊影响夜间行车视线,"H82,I295,I293,",2020-10-09,处理反馈
530207,上汽大众,桑塔纳,2019款 浩纳 1.5L 手动 风尚版 国V,上汽大众桑塔纳发动机动力不足4S店不解决,"A163,I297,",2020-10-09,处理反馈
530206,东风雷诺,科雷缤,2019款 TCe270 自动 劲擎型,东风雷诺科雷缤承诺免流量10年不兑现,"L313,",2020-10-09,信息审核
530205,华晨中华,中华V7,2018款 280T DCT 尊贵型 5座,华晨中华V7天窗漏水 顶棚脱落 售后无配件,"H179,N318,",2020-10-09,信息审核
530204,上汽通用五菱,宝骏530,2020款 1.5T CVT 豪华互联型 7座,宝骏530新车故障查不出原因 无维修工单,"J298,J301,O324,",2020-10-09,处理反馈
530201,东风日产,逍客,2019款 2.0L CVT 智享版,东风日产逍客变速箱挂挡后无法行驶,"B334,",2020-10-09,处理反馈
530197,东风本田,本田CR-V,2019款 240TURBO CVT 两驱 风尚版 国VI,东风本田CR-V发动机舱内进入泥浆,"Q322,",2020-10-09,处理反馈
530194,上汽大众,途岳,2019款 330TSI 四驱 豪华版 国VI,上汽大众途岳前挡风玻璃表面不平整,"H113,",2020-10-09,处理反馈
530189,广汽丰田,汉兰达,2018款 2.0T 四驱 豪华版 7座 国VI,广汽丰田汉兰达变速箱顿挫要求给予解决	,"B19,",2020-10-09,信息审核
530188,奇瑞汽车,旗云2,2010款 1.5 舒适型,奇瑞旗云2正常停放时车辆发生自燃	,"H40,",2020-10-09,厂家受理
530187,上汽大众斯柯达,速派,2019款 改款 TSI280 DSG 舒适版,斯柯达速派4S店出售维修过的问题车,"M284,",2020-10-09,用户评分
530186,江淮汽车,嘉悦A5,2020款 1.5T CVT 精英型,江淮嘉悦A5低速不平路面行驶右前轮有异响,"G125,",2020-10-09,用户评分
530183,东风雪铁龙,雪铁龙C4L,2014款 1.6THP 自动 车载互联劲智型,东风雪铁龙C4L发动机报警抖动漏油 水泵漏水,"A12,A24,A34,A37,",2020-10-09,信息审核
530182,一汽丰田,RAV4荣放,2018款 2.5L 自动 四驱 精英i版,一汽丰田RAV4荣放前轮刹车片异常磨损,"E47,",2020-10-09,信息审核
530179,东风日产,天籁,2020款 2.0L XL Upper 智行版,东风日产天籁智联App无法使用 厂家不回复,"H155,",2020-10-09,处理反馈
530174,上汽通用五菱,五菱宏光V,2019款 1.5L 劲享版 国VI LAR,上汽通用五菱宏光V离合异响严重希望处理,"B33,",2020-10-09,用户评分
530159,奇瑞汽车,瑞虎8,2018款 1.5TCI 手动 豪华型 7座,奇瑞瑞虎8发动机舱内异响希望处理,"A9,",2020-10-09,处理反馈
530158,江铃汽车,驭胜S330,2016款 1.5L GTDi  自动 两驱 旗舰版,江铃驭胜S330变速箱顿挫严重一直没有解决,"B19,",2020-10-09,信息审核
530157,福田汽车,祥菱M,2018款 1.5L M2非承载 排半 后双胎(厢式)DAM15L,福田祥菱M右后轮轴出厂尺寸差距大,"M284,",2020-10-09,信息审核
530152,奇瑞汽车,瑞虎8,2020款 290TGDI 自动 豪华版,奇瑞瑞虎8空调冷凝水导致车内积水,"H101,",2020-10-09,处理反馈
530151,广汽三菱,欧蓝德,2019款 2.0L 两驱 畅享版 5座 国VI,广汽三菱欧蓝德发动机油底壳漏油,"A12,",2020-10-09,厂家受理
530147,上汽大众,途铠,2019款 280TSI DSG 舒适版,上汽大众途铠大灯起雾4S店更换后未解决,"H88,N317,",2020-10-09,处理反馈
530136,东风日产,奇骏,2019款 2.0L CVT 智联舒适版 7座 2WD,东风日产奇骏发电机皮带轮和皮带脱落,"A198,",2020-10-08,处理反馈
530132,广汽丰田,丰田C-HR,2020款 2.0L 领先版,广汽丰田C-HR新车存在维修记录要求处理,"J299,",2020-10-08,信息审核
530130,北京越野,北京BJ40,2019款 2.3T 自动 四驱 城市猎人版 旗舰型 国VI,北京BJ40发动机异响4S店不予解决,"A9,I295,",2020-10-08,处理反馈
530129,一汽-大众,C-TREK蔚领,2018款 1.5L 自动 舒适型,一汽大众C-TREK蔚领行驶中发动机失速,"A255,",2020-10-08,处理反馈
530128,北京现代,途胜,2015款 1.6T   双离合 两驱 领先型,北京现代途胜冷车挂D挡起步抖动,"B95,",2020-10-08,信息审核
530122,广汽本田,凌派,2017款 1.8L CVT 豪华特装版,广汽本田凌派后备箱生锈要求厂家解决,"H79,",2020-10-08,处理反馈
530121,汉腾汽车,汉腾X5,2018款 1.5T CVT 豪华版,汉腾X5行驶中变速箱无法加速要求厂家解决,"B20,B334,I295,",2020-10-08,厂家受理
